X;Explicit;Implicit
0,000000;74,378451;74,724490
0,019527;73,224122;73,572797
0,039055;72,088988;72,434676
0,058582;70,967615;71,310243
0,078110;69,860112;70,199607
0,097637;68,766578;69,102872
0,117165;67,687106;68,020132
0,136692;66,621782;66,951477
0,156219;65,570684;65,896987
0,175747;64,533884;64,856737
0,195274;63,511447;63,830793
0,214802;62,503428;62,819216
0,234329;61,509879;61,822056
0,253857;60,530841;60,839361
0,273384;59,566349;59,871168
0,292912;58,616434;58,917507
0,312439;57,681115;57,978404
0,331966;56,760407;57,053875
0,351494;55,854317;56,143930
0,371021;54,962845;55,248572
0,390549;54,085985;54,367797
0,410076;53,223724;53,501594
0,429604;52,376042;52,649947
0,449131;51,542911;51,812830
0,468658;50,724299;50,990214
0,488186;49,920166;50,182062
0,507713;49,130466;49,388330
0,527241;48,355148;48,608968
0,546768;47,594152;47,843921
0,566296;46,847415;47,093127
0,585823;46,114866;46,356518
0,605351;45,396430;45,634021
0,624878;44,692025;44,925557
0,644405;44,001564;44,231041
0,663933;43,324956;43,550384
0,683460;42,662103;42,883489
0,702988;42,012903;42,230259
0,722515;41,377248;41,590586
0,742043;40,755027;40,964361
0,761570;40,146123;40,351471
0,781097;39,550416;39,751795
0,800625;38,967779;39,165211
0,820152;38,398086;38,591592
0,839680;37,841202;38,030807
0,859207;37,296990;37,482720
0,878735;36,765311;36,947193
0,898262;36,246021;36,424084
0,917789;35,738974;35,913249
0,937317;35,244019;35,414538
0,956844;34,761003;34,927800
0,976372;34,289772;34,452882
0,995899;33,830168;33,989626
1,015427;33,382030;33,537875
1,034954;32,945196;33,097466
1,054482;32,519502;32,668237
1,074009;32,104781;32,250022
1,093536;31,700866;31,842655
1,113064;31,307588;31,445967
1,132591;30,924775;31,059789
1,152119;30,552256;30,683949
1,171646;30,189857;30,318275
1,191174;29,837406;29,962594
1,210701;29,494728;29,616733
1,230228;29,161648;29,280517
1,249756;28,837989;28,953771
1,269283;28,523578;28,636320
1,288811;28,218238;28,327989
1,308338;27,921793;28,028603
1,327866;27,634067;27,737986
1,347393;27,354886;27,455963
1,366921;27,084075;27,182359
1,386448;26,821459;26,917001
1,405975;26,566865;26,659715
1,425503;26,320120;26,410329
1,445030;26,081052;26,168670
1,464558;25,849490;25,934567
1,484085;25,625264;25,707852
1,503613;25,408206;25,488354
1,523140;25,198149;25,275907
1,542667;24,994927;25,070345
1,562195;24,798375;24,871503
1,581722;24,608330;24,679218
1,601250;24,424632;24,493329
1,620777;24,247122;24,313677
1,640305;24,075642;24,140103
1,659832;23,910036;23,972452
1,679360;23,750150;23,810569
1,698887;23,595834;23,654302
1,718414;23,446937;23,503502
1,737942;23,303312;23,358021
1,757469;23,164813;23,217713
1,776997;23,031299;23,082433
1,796524;22,902628;22,952042
1,816052;22,778661;22,826400
1,835579;22,659263;22,705370
1,855106;22,544299;22,588818
1,874634;22,433638;22,476612
1,894161;22,327152;22,368622
1,913689;22,224714;22,264721
1,933216;22,126199;22,164784
1,952744;22,031486;22,068689
1,972271;21,940455;21,976317
1,991798;21,852991;21,887549
2,011326;21,768979;21,802271
2,030853;21,688307;21,720370
2,050381;21,610865;21,641737
2,069908;21,536548;21,566264
2,089436;21,465250;21,493846
2,108963;21,396870;21,424380
2,128491;21,331309;21,357766
2,148018;21,268469;21,293907
2,167545;21,208256;21,232707
2,187073;21,150577;21,174073
2,206600;21,095343;21,117915
2,226128;21,042467;21,064145
2,245655;20,991863;21,012677
2,265183;20,943449;20,963427
2,284710;20,897144;20,916314
2,304237;20,852869;20,871259
2,323765;20,810549;20,828186
2,343292;20,770110;20,787020
2,362820;20,731481;20,747688
2,382347;20,694590;20,710121
2,401875;20,659372;20,674250
2,421402;20,625761;20,640009
2,440930;20,593693;20,607334
2,460457;20,563106;20,576163
2,479984;20,533943;20,546436
2,499512;20,506144;20,518095
2,519039;20,479654;20,491083
2,538567;20,454420;20,465346
2,558094;20,430389;20,440832
2,577622;20,407511;20,417490
2,597149;20,385737;20,395270
2,616676;20,365022;20,374125
2,636204;20,345318;20,354009
2,655731;20,326584;20,334878
2,675259;20,308776;20,316690
2,694786;20,291854;20,299403
2,714314;20,275779;20,282978
2,733841;20,260514;20,267377
2,753368;20,246022;20,252563
2,772896;20,232268;20,238500
2,792423;20,219218;20,225155
2,811951;20,206842;20,212495
2,831478;20,195107;20,200488
2,851006;20,183983;20,189105
2,870533;20,173443;20,178316
2,890061;20,163459;20,168093
2,909588;20,154004;20,158411
2,929115;20,145053;20,149242
2,948643;20,136582;20,140563
2,968170;20,128568;20,132350
2,987698;20,120988;20,124581
3,007225;20,113821;20,117233
3,026753;20,107048;20,110286
3,046280;20,100647;20,103720
3,065807;20,094601;20,097516
3,085335;20,088892;20,091657
3,104862;20,083503;20,086124
3,124390;20,078417;20,080902
3,143917;20,073619;20,075973
3,163445;20,069093;20,071324
3,182972;20,064827;20,066939
3,202500;20,060806;20,062806
3,222027;20,057017;20,058910
3,241554;20,053448;20,055240
3,261082;20,050088;20,051783
3,280609;20,046925;20,048527
3,300137;20,043949;20,045463
3,319664;20,041148;20,042580
3,339192;20,038515;20,039868
3,358719;20,036040;20,037317
3,378246;20,033713;20,034920
3,397774;20,031527;20,032666
3,417301;20,029474;20,030549
3,436829;20,027546;20,028561
3,456356;20,025737;20,026693
3,475884;20,024039;20,024941
3,495411;20,022446;20,023297
3,514938;20,020953;20,021754
3,534466;20,019553;20,020308
3,553993;20,018241;20,018952
3,573521;20,017012;20,017681
3,593048;20,015861;20,016491
3,612576;20,014783;20,015376
3,632103;20,013774;20,014332
3,651631;20,012831;20,013355
3,671158;20,011948;20,012441
3,690685;20,011123;20,011586
3,710213;20,010351;20,010786
3,729740;20,009630;20,010039
3,749268;20,008957;20,009341
3,768795;20,008328;20,008688
3,788323;20,007741;20,008079
3,807850;20,007193;20,007510
3,827377;20,006681;20,006979
3,846905;20,006205;20,006484
3,866432;20,005760;20,006022
3,885960;20,005346;20,005591
3,905487;20,004960;20,005190
3,925015;20,004600;20,004815
3,944542;20,004265;20,004467
3,964070;20,003954;20,004142
3,983597;20,003664;20,003840
4,003124;20,003394;20,003559
4,022652;20,003143;20,003297
4,042179;20,002910;20,003054
4,061707;20,002693;20,002828
4,081234;20,002492;20,002618
4,100762;20,002305;20,002422
4,120289;20,002131;20,002241
4,139816;20,001970;20,002072
4,159344;20,001820;20,001916
4,178871;20,001682;20,001771
4,198399;20,001553;20,001636
4,217926;20,001434;20,001511
4,237454;20,001323;20,001395
4,256981;20,001221;20,001288
4,276508;20,001126;20,001189
4,296036;20,001038;20,001097
4,315563;20,000957;20,001011
4,335091;20,000882;20,000933
4,354618;20,000812;20,000860
4,374146;20,000748;20,000792
4,393673;20,000689;20,000730
4,413201;20,000634;20,000672
4,432728;20,000583;20,000618
4,452255;20,000537;20,000569
4,471783;20,000493;20,000524
4,491310;20,000453;20,000482
4,510838;20,000417;20,000443
4,530365;20,000383;20,000407
4,549893;20,000352;20,000374
4,569420;20,000323;20,000344
4,588947;20,000296;20,000315
4,608475;20,000272;20,000290
4,628002;20,000249;20,000266
4,647530;20,000229;20,000244
4,667057;20,000209;20,000224
4,686585;20,000192;20,000205
4,706112;20,000176;20,000188
4,725640;20,000161;20,000172
4,745167;20,000147;20,000158
4,764694;20,000135;20,000145
4,784222;20,000123;20,000132
4,803749;20,000113;20,000121
4,823277;20,000103;20,000111
4,842804;20,000094;20,000101
4,862332;20,000086;20,000093
4,881859;20,000079;20,000085
4,901386;20,000072;20,000077
4,920914;20,000066;20,000071
4,940441;20,000060;20,000065
4,959969;20,000055;20,000059
4,979496;20,000050;20,000054
4,999024;20,000045;20,000049
5,018551;20,000041;20,000045
5,038079;20,000038;20,000041
5,057606;20,000034;20,000037
5,077133;20,000031;20,000034
5,096661;20,000028;20,000031
5,116188;20,000026;20,000028
5,135716;20,000024;20,000026
5,155243;20,000021;20,000023
5,174771;20,000019;20,000021
5,194298;20,000018;20,000019
5,213825;20,000016;20,000018
5,233353;20,000015;20,000016
5,252880;20,000013;20,000014
5,272408;20,000012;20,000013
5,291935;20,000011;20,000012
5,311463;20,000010;20,000011
5,330990;20,000009;20,000010
5,350517;20,000008;20,000009
5,370045;20,000007;20,000008
5,389572;20,000007;20,000007
5,409100;20,000006;20,000007
5,428627;20,000005;20,000006
5,448155;20,000005;20,000005
5,467682;20,000004;20,000005
5,487210;20,000004;20,000004
5,506737;20,000004;20,000004
5,526264;20,000003;20,000004
5,545792;20,000003;20,000003
5,565319;20,000003;20,000003
5,584847;20,000002;20,000003
5,604374;20,000002;20,000002
5,623902;20,000002;20,000002
5,643429;20,000002;20,000002
5,662956;20,000002;20,000002
5,682484;20,000001;20,000002
5,702011;20,000001;20,000001
5,721539;20,000001;20,000001
5,741066;20,000001;20,000001
5,760594;20,000001;20,000001
5,780121;20,000001;20,000001
5,799649;20,000001;20,000001
5,819176;20,000001;20,000001
5,838703;20,000001;20,000001
5,858231;20,000001;20,000001
5,877758;20,000001;20,000001
5,897286;20,000000;20,000001
5,916813;20,000000;20,000000
5,936341;20,000000;20,000000
5,955868;20,000000;20,000000
5,975395;20,000000;20,000000
5,994923;20,000000;20,000000
6,014450;20,000000;20,000000
6,033978;20,000000;20,000000
6,053505;20,000000;20,000000
6,073033;20,000000;20,000000
6,092560;20,000000;20,000000
6,112087;20,000000;20,000000
6,131615;20,000000;20,000000
6,151142;20,000000;20,000000
6,170670;20,000000;20,000000
6,190197;20,000000;20,000000
6,209725;20,000000;20,000000
6,229252;20,000000;20,000000
6,248780;20,000000;20,000000
6,268307;20,000000;20,000000
6,287834;20,000000;20,000000
6,307362;20,000000;20,000000
6,326889;20,000000;20,000000
6,346417;20,000000;20,000000
6,365944;20,000000;20,000000
6,385472;20,000000;20,000000
6,404999;20,000000;20,000000
6,424526;20,000000;20,000000
6,444054;20,000000;20,000000
6,463581;20,000000;20,000000
6,483109;20,000000;20,000000
6,502636;20,000000;20,000000
6,522164;20,000000;20,000000
6,541691;20,000000;20,000000
6,561219;20,000000;20,000000
6,580746;20,000000;20,000000
6,600273;20,000000;20,000000
6,619801;20,000000;20,000000
6,639328;20,000000;20,000000
6,658856;20,000000;20,000000
6,678383;20,000000;20,000000
6,697911;20,000000;20,000000
6,717438;20,000000;20,000000
6,736965;20,000000;20,000000
6,756493;20,000000;20,000000
6,776020;20,000000;20,000000
6,795548;20,000000;20,000000
6,815075;20,000000;20,000000
6,834603;20,000000;20,000000
6,854130;20,000000;20,000000
6,873657;20,000000;20,000000
6,893185;20,000000;20,000000
6,912712;20,000000;20,000000
6,932240;20,000000;20,000000
6,951767;20,000000;20,000000
6,971295;20,000000;20,000000
6,990822;20,000000;20,000000
7,010350;20,000000;20,000000
7,029877;20,000000;20,000000
7,049404;20,000000;20,000000
7,068932;20,000000;20,000000
7,088459;20,000000;20,000000
7,107987;20,000000;20,000000
7,127514;20,000000;20,000000
7,147042;20,000000;20,000000
7,166569;20,000000;20,000000
7,186096;20,000000;20,000000
7,205624;20,000000;20,000000
7,225151;20,000000;20,000000
7,244679;20,000000;20,000000
7,264206;20,000000;20,000000
7,283734;20,000000;20,000000
7,303261;20,000000;20,000000
7,322789;20,000000;20,000000
7,342316;20,000000;20,000000
7,361843;20,000000;20,000000
7,381371;20,000000;20,000000
7,400898;20,000000;20,000000
7,420426;20,000000;20,000000
7,439953;20,000000;20,000000
7,459481;20,000000;20,000000
7,479008;20,000000;20,000000
7,498535;20,000000;20,000000
7,518063;20,000000;20,000000
7,537590;20,000000;20,000000
7,557118;20,000000;20,000000
7,576645;20,000000;20,000000
7,596173;20,000000;20,000000
7,615700;20,000000;20,000000
7,635227;20,000000;20,000000
7,654755;20,000000;20,000000
7,674282;20,000000;20,000000
7,693810;20,000000;20,000000
7,713337;20,000000;20,000000
7,732865;20,000000;20,000000
7,752392;20,000000;20,000000
7,771920;20,000000;20,000000
7,791447;20,000000;20,000000
7,810974;20,000000;20,000000
7,830502;20,000000;20,000000
7,850029;20,000000;20,000000
7,869557;20,000000;20,000000
7,889084;20,000000;20,000000
7,908612;20,000000;20,000000
7,928139;20,000000;20,000000
7,947666;20,000000;20,000000
7,967194;20,000000;20,000000
7,986721;20,000000;20,000000
8,006249;20,000000;20,000000
8,025776;20,000000;20,000000
8,045304;20,000000;20,000000
8,064831;20,000000;20,000000
8,084359;20,000000;20,000000
8,103886;20,000000;20,000000
8,123413;20,000000;20,000000
8,142941;20,000000;20,000000
8,162468;20,000000;20,000000
8,181996;20,000000;20,000000
8,201523;20,000000;20,000000
8,221051;20,000000;20,000000
8,240578;20,000000;20,000000
8,260105;20,000000;20,000000
8,279633;20,000000;20,000000
8,299160;20,000000;20,000000
8,318688;20,000000;20,000000
8,338215;20,000000;20,000000
8,357743;20,000000;20,000000
8,377270;20,000000;20,000000
8,396798;20,000000;20,000000
8,416325;20,000000;20,000000
8,435852;20,000000;20,000000
8,455380;20,000000;20,000000
8,474907;20,000000;20,000000
8,494435;20,000000;20,000000
8,513962;20,000000;20,000000
8,533490;20,000000;20,000000
8,553017;20,000000;20,000000
8,572544;20,000000;20,000000
8,592072;20,000000;20,000000
8,611599;20,000000;20,000000
8,631127;20,000000;20,000000
8,650654;20,000000;20,000000
8,670182;20,000000;20,000000
8,689709;20,000000;20,000000
8,709236;20,000000;20,000000
8,728764;20,000000;20,000000
8,748291;20,000000;20,000000
8,767819;20,000000;20,000000
8,787346;20,000000;20,000000
8,806874;20,000000;20,000000
8,826401;20,000000;20,000000
8,845929;20,000000;20,000000
8,865456;20,000000;20,000000
8,884983;20,000000;20,000000
8,904511;20,000000;20,000000
8,924038;20,000000;20,000000
8,943566;20,000000;20,000000
8,963093;20,000000;20,000000
8,982621;20,000000;20,000000
9,002148;20,000000;20,000000
9,021675;20,000000;20,000000
9,041203;20,000000;20,000000
9,060730;20,000000;20,000000
9,080258;20,000000;20,000000
9,099785;20,000000;20,000000
9,119313;20,000000;20,000000
9,138840;20,000000;20,000000
9,158368;20,000000;20,000000
9,177895;20,000000;20,000000
9,197422;20,000000;20,000000
9,216950;20,000000;20,000000
9,236477;20,000000;20,000000
9,256005;20,000000;20,000000
9,275532;20,000000;20,000000
9,295060;20,000000;20,000000
9,314587;20,000000;20,000000
9,334114;20,000000;20,000000
9,353642;20,000000;20,000000
9,373169;20,000000;20,000000
9,392697;20,000000;20,000000
9,412224;20,000000;20,000000
9,431752;20,000000;20,000000
9,451279;20,000000;20,000000
9,470806;20,000000;20,000000
9,490334;20,000000;20,000000
9,509861;20,000000;20,000000
9,529389;20,000000;20,000000
9,548916;20,000000;20,000000
9,568444;20,000000;20,000000
9,587971;20,000000;20,000000
9,607499;20,000000;20,000000
9,627026;20,000000;20,000000
9,646553;20,000000;20,000000
9,666081;20,000000;20,000000
9,685608;20,000000;20,000000
9,705136;20,000000;20,000000
9,724663;20,000000;20,000000
9,744191;20,000000;20,000000
9,763718;20,000000;20,000000
9,783245;20,000000;20,000000
9,802773;20,000000;20,000000
9,822300;20,000000;20,000000
9,841828;20,000000;20,000000
9,861355;20,000000;20,000000
9,880883;20,000000;20,000000
9,900410;20,000000;20,000000
9,919938;20,000000;20,000000
9,939465;20,000000;20,000000
9,958992;20,000000;20,000000
9,978520;20,000000;20,000000
9,998047;20,000000;20,000000
10,017575;20,000000;20,000000
10,037102;20,000000;20,000000
10,056630;20,000000;20,000000
10,076157;20,000000;20,000000
10,095684;20,000000;20,000000
10,115212;20,000000;20,000000
10,134739;20,000000;20,000000
10,154267;20,000000;20,000000
10,173794;20,000000;20,000000
10,193322;20,000000;20,000000
10,212849;20,000000;20,000000
10,232376;20,000000;20,000000
10,251904;20,000000;20,000000
10,271431;20,000000;20,000000
10,290959;20,000000;20,000000
10,310486;20,000000;20,000000
10,330014;20,000000;20,000000
10,349541;20,000000;20,000000
10,369069;20,000000;20,000000
10,388596;20,000000;20,000000
10,408123;20,000000;20,000000
10,427651;20,000000;20,000000
10,447178;20,000000;20,000000
10,466706;20,000000;20,000000
10,486233;20,000000;20,000000
10,505761;20,000000;20,000000
10,525288;20,000000;20,000000
10,544815;20,000000;20,000000
10,564343;20,000000;20,000000
10,583870;20,000000;20,000000
10,603398;20,000000;20,000000
10,622925;20,000000;20,000000
10,642453;20,000000;20,000000
10,661980;20,000000;20,000000
10,681508;20,000000;20,000000
10,701035;20,000000;20,000000
10,720562;20,000000;20,000000
10,740090;20,000000;20,000000
10,759617;20,000000;20,000000
10,779145;20,000000;20,000000
10,798672;20,000000;20,000000
10,818200;20,000000;20,000000
10,837727;20,000000;20,000000
10,857254;20,000000;20,000000
10,876782;20,000000;20,000000
10,896309;20,000000;20,000000
10,915837;20,000000;20,000000
10,935364;20,000000;20,000000
10,954892;20,000000;20,000000
10,974419;20,000000;20,000000
10,993946;20,000000;20,000000
11,013474;20,000000;20,000000
11,033001;20,000000;20,000000
11,052529;20,000000;20,000000
11,072056;20,000000;20,000000
11,091584;20,000000;20,000000
11,111111;20,000000;20,000000
11,130639;20,000000;20,000000
11,150166;20,000000;20,000000
11,169693;20,000000;20,000000
11,189221;20,000000;20,000000
11,208748;20,000000;20,000000
11,228276;20,000000;20,000000
11,247803;20,000000;20,000000
11,267331;20,000000;20,000000
11,286858;20,000000;20,000000
11,306385;20,000000;20,000000
11,325913;20,000000;20,000000
11,345440;20,000000;20,000000
11,364968;20,000000;20,000000
11,384495;20,000000;20,000000
11,404023;20,000000;20,000000
11,423550;20,000000;20,000000
11,443078;20,000000;20,000000
11,462605;20,000000;20,000000
11,482132;20,000000;20,000000
11,501660;20,000000;20,000000
11,521187;20,000000;20,000000
11,540715;20,000000;20,000000
11,560242;20,000000;20,000000
11,579770;20,000000;20,000000
11,599297;20,000000;20,000000
11,618824;20,000000;20,000000
11,638352;20,000000;20,000000
11,657879;20,000000;20,000000
11,677407;20,000000;20,000000
11,696934;20,000000;20,000000
11,716462;20,000000;20,000000
11,735989;20,000000;20,000000
11,755517;20,000000;20,000000
11,775044;20,000000;20,000000
11,794571;20,000000;20,000000
11,814099;20,000000;20,000000
11,833626;20,000000;20,000000
11,853154;20,000000;20,000000
11,872681;20,000000;20,000000
11,892209;20,000000;20,000000
11,911736;20,000000;20,000000
11,931263;20,000000;20,000000
11,950791;20,000000;20,000000
11,970318;20,000000;20,000000
11,989846;20,000000;20,000000
12,009373;20,000000;20,000000
12,028901;20,000000;20,000000
12,048428;20,000000;20,000000
12,067955;20,000000;20,000000
12,087483;20,000000;20,000000
12,107010;20,000000;20,000000
12,126538;20,000000;20,000000
12,146065;20,000000;20,000000
12,165593;20,000000;20,000000
12,185120;20,000000;20,000000
12,204648;20,000000;20,000000
12,224175;20,000000;20,000000
12,243702;20,000000;20,000000
12,263230;20,000000;20,000000
12,282757;20,000000;20,000000
12,302285;20,000000;20,000000
12,321812;20,000000;20,000000
12,341340;20,000000;20,000000
12,360867;20,000000;20,000000
12,380394;20,000000;20,000000
12,399922;20,000000;20,000000
12,419449;20,000000;20,000000
12,438977;20,000000;20,000000
12,458504;20,000000;20,000000
12,478032;20,000000;20,000000
12,497559;20,000000;20,000000
12,517087;20,000000;20,000000
12,536614;20,000000;20,000000
12,556141;20,000000;20,000000
12,575669;20,000000;20,000000
12,595196;20,000000;20,000000
12,614724;20,000000;20,000000
12,634251;20,000000;20,000000
12,653779;20,000000;20,000000
12,673306;20,000000;20,000000
12,692833;20,000000;20,000000
12,712361;20,000000;20,000000
12,731888;20,000000;20,000000
12,751416;20,000000;20,000000
12,770943;20,000000;20,000000
12,790471;20,000000;20,000000
12,809998;20,000000;20,000000
12,829525;20,000000;20,000000
12,849053;20,000000;20,000000
12,868580;20,000000;20,000000
12,888108;20,000000;20,000000
12,907635;20,000000;20,000000
12,927163;20,000000;20,000000
12,946690;20,000000;20,000000
12,966218;20,000000;20,000000
12,985745;20,000000;20,000000
13,005272;20,000000;20,000000
13,024800;20,000000;20,000000
13,044327;20,000000;20,000000
13,063855;20,000000;20,000000
13,083382;20,000000;20,000000
13,102910;20,000000;20,000000
13,122437;20,000000;20,000000
13,141964;20,000000;20,000000
13,161492;20,000000;20,000000
13,181019;20,000000;20,000000
13,200547;20,000000;20,000000
13,220074;20,000000;20,000000
13,239602;20,000000;20,000000
13,259129;20,000000;20,000000
13,278657;20,000000;20,000000
13,298184;20,000000;20,000000
13,317711;20,000000;20,000000
13,337239;20,000000;20,000000
13,356766;20,000000;20,000000
13,376294;20,000000;20,000000
13,395821;20,000000;20,000000
13,415349;20,000000;20,000000
13,434876;20,000000;20,000000
13,454403;20,000000;20,000000
13,473931;20,000000;20,000000
13,493458;20,000000;20,000000
13,512986;20,000000;20,000000
13,532513;20,000000;20,000000
13,552041;20,000000;20,000000
13,571568;20,000000;20,000000
13,591095;20,000000;20,000000
13,610623;20,000000;20,000000
13,630150;20,000000;20,000000
13,649678;20,000000;20,000000
13,669205;20,000000;20,000000
13,688733;20,000000;20,000000
13,708260;20,000000;20,000000
13,727788;20,000000;20,000000
13,747315;20,000000;20,000000
13,766842;20,000000;20,000000
13,786370;20,000000;20,000000
13,805897;20,000000;20,000000
13,825425;20,000000;20,000000
13,844952;20,000000;20,000000
13,864480;20,000000;20,000000
13,884007;20,000000;20,000000
13,903534;20,000000;20,000000
13,923062;20,000000;20,000000
13,942589;20,000000;20,000000
13,962117;20,000000;20,000000
13,981644;20,000000;20,000000
14,001172;20,000000;20,000000
14,020699;20,000000;20,000000
14,040227;20,000000;20,000000
14,059754;20,000000;20,000000
14,079281;20,000000;20,000000
14,098809;20,000000;20,000000
14,118336;20,000000;20,000000
14,137864;20,000000;20,000000
14,157391;20,000000;20,000000
14,176919;20,000000;20,000000
14,196446;20,000000;20,000000
14,215973;20,000000;20,000000
14,235501;20,000000;20,000000
14,255028;20,000000;20,000000
14,274556;20,000000;20,000000
14,294083;20,000000;20,000000
14,313611;20,000000;20,000000
14,333138;20,000000;20,000000
14,352665;20,000000;20,000000
14,372193;20,000000;20,000000
14,391720;20,000000;20,000000
14,411248;20,000000;20,000000
14,430775;20,000000;20,000000
14,450303;20,000000;20,000000
14,469830;20,000000;20,000000
14,489358;20,000000;20,000000
14,508885;20,000000;20,000000
14,528412;20,000000;20,000000
14,547940;20,000000;20,000000
14,567467;20,000000;20,000000
14,586995;20,000000;20,000000
14,606522;20,000000;20,000000
14,626050;20,000000;20,000000
14,645577;20,000000;20,000000
14,665104;20,000000;20,000000
14,684632;20,000000;20,000000
14,704159;20,000000;20,000000
14,723687;20,000000;20,000000
14,743214;20,000000;20,000000
14,762742;20,000000;20,000000
14,782269;20,000000;20,000000
14,801797;20,000000;20,000000
14,821324;20,000000;20,000000
14,840851;20,000000;20,000000
14,860379;20,000000;20,000000
14,879906;20,000000;20,000000
14,899434;20,000000;20,000000
14,918961;20,000000;20,000000
14,938489;20,000000;20,000000
14,958016;20,000000;20,000000
14,977543;20,000000;20,000000
14,997071;20,000000;20,000000
15,016598;20,000000;20,000000
15,036126;20,000000;20,000000
15,055653;20,000000;20,000000
15,075181;20,000000;20,000000
15,094708;20,000000;20,000000
15,114236;20,000000;20,000000
15,133763;20,000000;20,000000
15,153290;20,000000;20,000000
15,172818;20,000000;20,000000
15,192345;20,000000;20,000000
15,211873;20,000000;20,000000
15,231400;20,000000;20,000000
15,250928;20,000000;20,000000
15,270455;20,000000;20,000000
15,289982;20,000000;20,000000
15,309510;20,000000;20,000000
15,329037;20,000000;20,000000
15,348565;20,000000;20,000000
15,368092;20,000000;20,000000
15,387620;20,000000;20,000000
15,407147;20,000000;20,000000
15,426674;20,000000;20,000000
15,446202;20,000000;20,000000
15,465729;20,000000;20,000000
15,485257;20,000000;20,000000
15,504784;20,000000;20,000000
15,524312;20,000000;20,000000
15,543839;20,000000;20,000000
15,563367;20,000000;20,000000
15,582894;20,000000;20,000000
15,602421;20,000000;20,000000
15,621949;20,000000;20,000000
15,641476;20,000000;20,000000
15,661004;20,000000;20,000000
15,680531;20,000000;20,000000
15,700059;20,000000;20,000000
15,719586;20,000000;20,000000
15,739113;20,000000;20,000000
15,758641;20,000000;20,000000
15,778168;20,000000;20,000000
15,797696;20,000000;20,000000
15,817223;20,000000;20,000000
15,836751;20,000000;20,000000
15,856278;20,000000;20,000000
15,875806;20,000000;20,000000
15,895333;20,000000;20,000000
15,914860;20,000000;20,000000
15,934388;20,000000;20,000000
15,953915;20,000000;20,000000
15,973443;20,000000;20,000000
15,992970;20,000000;20,000000
16,012498;20,000000;20,000000
16,032025;20,000000;20,000000
16,051552;20,000000;20,000000
16,071080;20,000000;20,000000
16,090607;20,000000;20,000000
16,110135;20,000000;20,000000
16,129662;20,000000;20,000000
16,149190;20,000000;20,000000
16,168717;20,000000;20,000000
16,188244;20,000000;20,000000
16,207772;20,000000;20,000000
16,227299;20,000000;20,000000
16,246827;20,000000;20,000000
16,266354;20,000000;20,000000
16,285882;20,000000;20,000000
16,305409;20,000000;20,000000
16,324937;20,000000;20,000000
16,344464;20,000000;20,000000
16,363991;20,000000;20,000000
16,383519;20,000000;20,000000
16,403046;20,000000;20,000000
16,422574;20,000000;20,000000
16,442101;20,000000;20,000000
16,461629;20,000000;20,000000
16,481156;20,000000;20,000000
16,500683;20,000000;20,000000
16,520211;20,000000;20,000000
16,539738;20,000000;20,000000
16,559266;20,000000;20,000000
16,578793;20,000000;20,000000
16,598321;20,000000;20,000000
16,617848;20,000000;20,000000
16,637376;20,000000;20,000000
16,656903;20,000000;20,000000
16,676430;20,000000;20,000000
16,695958;20,000000;20,000000
16,715485;20,000000;20,000000
16,735013;20,000000;20,000000
16,754540;20,000000;20,000000
16,774068;20,000000;20,000000
16,793595;20,000000;20,000000
16,813122;20,000000;20,000000
16,832650;20,000000;20,000000
16,852177;20,000000;20,000000
16,871705;20,000000;20,000000
16,891232;20,000000;20,000000
16,910760;20,000000;20,000000
16,930287;20,000000;20,000000
16,949814;20,000000;20,000000
16,969342;20,000000;20,000000
16,988869;20,000000;20,000000
17,008397;20,000000;20,000000
17,027924;20,000000;20,000000
17,047452;20,000000;20,000000
17,066979;20,000000;20,000000
17,086507;20,000000;20,000000
17,106034;20,000000;20,000000
17,125561;20,000000;20,000000
17,145089;20,000000;20,000000
17,164616;20,000000;20,000000
17,184144;20,000000;20,000000
17,203671;20,000000;20,000000
17,223199;20,000000;20,000000
17,242726;20,000000;20,000000
17,262253;20,000000;20,000000
17,281781;20,000000;20,000000
17,301308;20,000000;20,000000
17,320836;20,000000;20,000000
17,340363;20,000000;20,000000
17,359891;20,000000;20,000000
17,379418;20,000000;20,000000
17,398946;20,000000;20,000000
17,418473;20,000000;20,000000
17,438000;20,000000;20,000000
17,457528;20,000000;20,000000
17,477055;20,000000;20,000000
17,496583;20,000000;20,000000
17,516110;20,000000;20,000000
17,535638;20,000000;20,000000
17,555165;20,000000;20,000000
17,574692;20,000000;20,000000
17,594220;20,000000;20,000000
17,613747;20,000000;20,000000
17,633275;20,000000;20,000000
17,652802;20,000000;20,000000
17,672330;20,000000;20,000000
17,691857;20,000000;20,000000
17,711384;20,000000;20,000000
17,730912;20,000000;20,000000
17,750439;20,000000;20,000000
17,769967;20,000000;20,000000
17,789494;20,000000;20,000000
17,809022;20,000000;20,000000
17,828549;20,000000;20,000000
17,848077;20,000000;20,000000
17,867604;20,000000;20,000000
17,887131;20,000000;20,000000
17,906659;20,000000;20,000000
17,926186;20,000000;20,000000
17,945714;20,000000;20,000000
17,965241;20,000000;20,000000
17,984769;20,000000;20,000000
18,004296;20,000000;20,000000
18,023823;20,000000;20,000000
18,043351;20,000000;20,000000
18,062878;20,000000;20,000000
18,082406;20,000000;20,000000
18,101933;20,000000;20,000000
18,121461;20,000000;20,000000
18,140988;20,000000;20,000000
18,160516;20,000000;20,000000
18,180043;20,000000;20,000000
18,199570;20,000000;20,000000
18,219098;20,000000;20,000000
18,238625;20,000000;20,000000
18,258153;20,000000;20,000000
18,277680;20,000000;20,000000
18,297208;20,000000;20,000000
18,316735;20,000000;20,000000
18,336262;20,000000;20,000000
18,355790;20,000000;20,000000
18,375317;20,000000;20,000000
18,394845;20,000000;20,000000
18,414372;20,000000;20,000000
18,433900;20,000000;20,000000
18,453427;20,000000;20,000000
18,472955;20,000000;20,000000
18,492482;20,000000;20,000000
18,512009;20,000000;20,000000
18,531537;20,000000;20,000000
18,551064;20,000000;20,000000
18,570592;20,000000;20,000000
18,590119;20,000000;20,000000
18,609647;20,000000;20,000000
18,629174;20,000000;20,000000
18,648701;20,000000;20,000000
18,668229;20,000000;20,000000
18,687756;20,000000;20,000000
18,707284;20,000000;20,000000
18,726811;20,000000;20,000000
18,746339;20,000000;20,000000
18,765866;20,000000;20,000000
18,785393;20,000000;20,000000
18,804921;20,000000;20,000000
18,824448;20,000000;20,000000
18,843976;20,000000;20,000000
18,863503;20,000000;20,000000
18,883031;20,000000;20,000000
18,902558;20,000000;20,000000
18,922086;20,000000;20,000000
18,941613;20,000000;20,000000
18,961140;20,000000;20,000000
18,980668;20,000000;20,000000
19,000195;20,000000;20,000000
19,019723;20,000000;20,000000
19,039250;20,000000;20,000000
19,058778;20,000000;20,000000
19,078305;20,000000;20,000000
19,097832;20,000000;20,000000
19,117360;20,000000;20,000000
19,136887;20,000000;20,000000
19,156415;20,000000;20,000000
19,175942;20,000000;20,000000
19,195470;20,000000;20,000000
19,214997;20,000000;20,000000
19,234525;20,000000;20,000000
19,254052;20,000000;20,000000
19,273579;20,000000;20,000000
19,293107;20,000000;20,000000
19,312634;20,000000;20,000000
19,332162;20,000000;20,000000
19,351689;20,000000;20,000000
19,371217;20,000000;20,000000
19,390744;20,000000;20,000000
19,410271;20,000000;20,000000
19,429799;20,000000;20,000000
19,449326;20,000000;20,000000
19,468854;20,000000;20,000000
19,488381;20,000000;20,000000
19,507909;20,000000;20,000000
19,527436;20,000000;20,000000
19,546963;20,000000;20,000000
19,566491;20,000000;20,000000
19,586018;20,000000;20,000000
19,605546;20,000000;20,000000
19,625073;20,000000;20,000000
19,644601;20,000000;20,000000
19,664128;20,000000;20,000000
19,683656;20,000000;20,000000
19,703183;20,000000;20,000000
19,722710;20,000000;20,000000
19,742238;20,000000;20,000000
19,761765;20,000000;20,000000
19,781293;20,000000;20,000000
19,800820;20,000000;20,000000
19,820348;20,000000;20,000000
19,839875;20,000000;20,000000
19,859402;20,000000;20,000000
19,878930;20,000000;20,000000
19,898457;20,000000;20,000000
19,917985;20,000000;20,000000
19,937512;20,000000;20,000000
19,957040;20,000000;20,000000
19,976567;20,000000;20,000000
19,996095;20,000000;20,000000
20,015622;20,000000;20,000000
20,035149;20,000000;20,000000
20,054677;20,000000;20,000000
20,074204;20,000000;20,000000
20,093732;20,000000;20,000000
20,113259;20,000000;20,000000
20,132787;20,000000;20,000000
20,152314;20,000000;20,000000
20,171841;20,000000;20,000000
20,191369;20,000000;20,000000
20,210896;20,000000;20,000000
20,230424;20,000000;20,000000
20,249951;20,000000;20,000000
20,269479;20,000000;20,000000
20,289006;20,000000;20,000000
20,308533;20,000000;20,000000
20,328061;20,000000;20,000000
20,347588;20,000000;20,000000
20,367116;20,000000;20,000000
20,386643;20,000000;20,000000
20,406171;20,000000;20,000000
20,425698;20,000000;20,000000
20,445226;20,000000;20,000000
20,464753;20,000000;20,000000
20,484280;20,000000;20,000000
20,503808;20,000000;20,000000
20,523335;20,000000;20,000000
20,542863;20,000000;20,000000
20,562390;20,000000;20,000000
20,581918;20,000000;20,000000
20,601445;20,000000;20,000000
20,620972;20,000000;20,000000
20,640500;20,000000;20,000000
20,660027;20,000000;20,000000
20,679555;20,000000;20,000000
20,699082;20,000000;20,000000
20,718610;20,000000;20,000000
20,738137;20,000000;20,000000
20,757665;20,000000;20,000000
20,777192;20,000000;20,000000
20,796719;20,000000;20,000000
20,816247;20,000000;20,000000
20,835774;20,000000;20,000000
20,855302;20,000000;20,000000
20,874829;20,000000;20,000000
20,894357;20,000000;20,000000
20,913884;20,000000;20,000000
20,933411;20,000000;20,000000
20,952939;20,000000;20,000000
20,972466;20,000000;20,000000
20,991994;20,000000;20,000000
21,011521;20,000000;20,000000
21,031049;20,000000;20,000000
21,050576;20,000000;20,000000
21,070103;20,000000;20,000000
21,089631;20,000000;20,000000
21,109158;20,000000;20,000000
21,128686;20,000000;20,000000
21,148213;20,000000;20,000000
21,167741;20,000000;20,000000
21,187268;20,000000;20,000000
21,206796;20,000000;20,000000
21,226323;20,000000;20,000000
21,245850;20,000000;20,000000
21,265378;20,000000;20,000000
21,284905;20,000000;20,000000
21,304433;20,000000;20,000000
21,323960;20,000000;20,000000
21,343488;20,000000;20,000000
21,363015;20,000000;20,000000
21,382542;20,000000;20,000000
21,402070;20,000000;20,000000
21,421597;20,000000;20,000000
21,441125;20,000000;20,000000
21,460652;20,000000;20,000000
21,480180;20,000000;20,000000
21,499707;20,000000;20,000000
21,519235;20,000000;20,000000
21,538762;20,000000;20,000000
21,558289;20,000000;20,000000
21,577817;20,000000;20,000000
21,597344;20,000000;20,000000
21,616872;20,000000;20,000000
21,636399;20,000000;20,000000
21,655927;20,000000;20,000000
21,675454;20,000000;20,000000
21,694981;20,000000;20,000000
21,714509;20,000000;20,000000
21,734036;20,000000;20,000000
21,753564;20,000000;20,000000
21,773091;20,000000;20,000000
21,792619;20,000000;20,000000
21,812146;20,000000;20,000000
21,831674;20,000000;20,000000
21,851201;20,000000;20,000000
21,870728;20,000000;20,000000
21,890256;20,000000;20,000000
21,909783;20,000000;20,000000
21,929311;20,000000;20,000000
21,948838;20,000000;20,000000
21,968366;20,000000;20,000000
21,987893;20,000000;20,000000
22,007420;20,000000;20,000000
22,026948;20,000000;20,000000
22,046475;20,000000;20,000000
22,066003;20,000000;20,000000
22,085530;20,000000;20,000000
22,105058;20,000000;20,000000
22,124585;20,000000;20,000000
22,144112;20,000000;20,000000
22,163640;20,000000;20,000000
22,183167;20,000000;20,000000
22,202695;20,000000;20,000000
22,222222;20,000000;20,000000
22,241750;20,000000;20,000000
22,261277;20,000000;20,000000
22,280805;20,000000;20,000000
22,300332;20,000000;20,000000
22,319859;20,000000;20,000000
22,339387;20,000000;20,000000
22,358914;20,000000;20,000000
22,378442;20,000000;20,000000
22,397969;20,000000;20,000000
22,417497;20,000000;20,000000
22,437024;20,000000;20,000000
22,456551;20,000000;20,000000
22,476079;20,000000;20,000000
22,495606;20,000000;20,000000
22,515134;20,000000;20,000000
22,534661;20,000000;20,000000
22,554189;20,000000;20,000000
22,573716;20,000000;20,000000
22,593244;20,000000;20,000000
22,612771;20,000000;20,000000
22,632298;20,000000;20,000000
22,651826;20,000000;20,000000
22,671353;20,000000;20,000000
22,690881;20,000000;20,000000
22,710408;20,000000;20,000000
22,729936;20,000000;20,000000
22,749463;20,000000;20,000000
22,768990;20,000000;20,000000
22,788518;20,000000;20,000000
22,808045;20,000000;20,000000
22,827573;20,000000;20,000000
22,847100;20,000000;20,000000
22,866628;20,000000;20,000000
22,886155;20,000000;20,000000
22,905682;20,000000;20,000000
22,925210;20,000000;20,000000
22,944737;20,000000;20,000000
22,964265;20,000000;20,000000
22,983792;20,000000;20,000000
23,003320;20,000000;20,000000
23,022847;20,000000;20,000000
23,042375;20,000000;20,000000
23,061902;20,000000;20,000000
23,081429;20,000000;20,000000
23,100957;20,000000;20,000000
23,120484;20,000000;20,000000
23,140012;20,000000;20,000000
23,159539;20,000000;20,000000
23,179067;20,000000;20,000000
23,198594;20,000000;20,000000
23,218121;20,000000;20,000000
23,237649;20,000000;20,000000
23,257176;20,000000;20,000000
23,276704;20,000000;20,000000
23,296231;20,000000;20,000000
23,315759;20,000000;20,000000
23,335286;20,000000;20,000000
23,354814;20,000000;20,000000
23,374341;20,000000;20,000000
23,393868;20,000000;20,000000
23,413396;20,000000;20,000000
23,432923;20,000000;20,000000
23,452451;20,000000;20,000000
23,471978;20,000000;20,000000
23,491506;20,000000;20,000000
23,511033;20,000000;20,000000
23,530560;20,000000;20,000000
23,550088;20,000000;20,000000
23,569615;20,000000;20,000000
23,589143;20,000000;20,000000
23,608670;20,000000;20,000000
23,628198;20,000000;20,000000
23,647725;20,000000;20,000000
23,667252;20,000000;20,000000
23,686780;20,000000;20,000000
23,706307;20,000000;20,000000
23,725835;20,000000;20,000000
23,745362;20,000000;20,000000
23,764890;20,000000;20,000000
23,784417;20,000000;20,000000
23,803945;20,000000;20,000000
23,823472;20,000000;20,000000
23,842999;20,000000;20,000000
23,862527;20,000000;20,000000
23,882054;20,000000;20,000000
23,901582;20,000000;20,000000
23,921109;20,000000;20,000000
23,940637;20,000000;20,000000
23,960164;20,000000;20,000000
23,979691;20,000000;20,000000
23,999219;20,000000;20,000000
24,018746;20,000000;20,000000
24,038274;20,000000;20,000000
24,057801;20,000000;20,000000
24,077329;20,000000;20,000000
24,096856;20,000000;20,000000
24,116384;20,000000;20,000000
24,135911;20,000000;20,000000
24,155438;20,000000;20,000000
24,174966;20,000000;20,000000
24,194493;20,000000;20,000000
24,214021;20,000000;20,000000
24,233548;20,000000;20,000000
24,253076;20,000000;20,000000
24,272603;20,000000;20,000000
24,292130;20,000000;20,000000
24,311658;20,000000;20,000000
24,331185;20,000000;20,000000
24,350713;20,000000;20,000000
24,370240;20,000000;20,000000
24,389768;20,000000;20,000000
24,409295;20,000000;20,000000
24,428822;20,000000;20,000000
24,448350;20,000000;20,000000
24,467877;20,000000;20,000000
24,487405;20,000000;20,000000
24,506932;20,000000;20,000000
24,526460;20,000000;20,000000
24,545987;20,000000;20,000000
24,565515;20,000000;20,000000
24,585042;20,000000;20,000000
24,604569;20,000000;20,000000
24,624097;20,000000;20,000000
24,643624;20,000000;20,000000
24,663152;20,000000;20,000000
24,682679;20,000000;20,000000
24,702207;20,000000;20,000000
24,721734;20,000000;20,000000
24,741261;20,000000;20,000000
24,760789;20,000000;20,000000
24,780316;20,000000;20,000000
24,799844;20,000000;20,000000
24,819371;20,000000;20,000000
24,838899;20,000000;20,000000
24,858426;20,000000;20,000000
24,877954;20,000000;20,000000
24,897481;20,000000;20,000000
24,917008;20,000000;20,000000
24,936536;20,000000;20,000000
24,956063;20,000000;20,000000
24,975591;20,000000;20,000000
24,995118;20,000000;20,000000
25,014646;20,000000;20,000000
25,034173;20,000000;20,000000
25,053700;20,000000;20,000000
25,073228;20,000000;20,000000
25,092755;20,000000;20,000000
25,112283;20,000000;20,000000
25,131810;20,000000;20,000000
25,151338;20,000000;20,000000
25,170865;20,000000;20,000000
25,190393;20,000000;20,000000
25,209920;20,000000;20,000000
25,229447;20,000000;20,000000
25,248975;20,000000;20,000000
25,268502;20,000000;20,000000
25,288030;20,000000;20,000000
25,307557;20,000000;20,000000
25,327085;20,000000;20,000000
25,346612;20,000000;20,000000
25,366139;20,000000;20,000000
25,385667;20,000000;20,000000
25,405194;20,000000;20,000000
25,424722;20,000000;20,000000
25,444249;20,000000;20,000000
25,463777;20,000000;20,000000
25,483304;20,000000;20,000000
25,502831;20,000000;20,000000
25,522359;20,000000;20,000000
25,541886;20,000000;20,000000
25,561414;20,000000;20,000000
25,580941;20,000000;20,000000
25,600469;20,000000;20,000000
25,619996;20,000000;20,000000
25,639524;20,000000;20,000000
25,659051;20,000000;20,000000
25,678578;20,000000;20,000000
25,698106;20,000000;20,000000
25,717633;20,000000;20,000000
25,737161;20,000000;20,000000
25,756688;20,000000;20,000000
25,776216;20,000000;20,000000
25,795743;20,000000;20,000000
25,815270;20,000000;20,000000
25,834798;20,000000;20,000000
25,854325;20,000000;20,000000
25,873853;20,000000;20,000000
25,893380;20,000000;20,000000
25,912908;20,000000;20,000000
25,932435;20,000000;20,000000
25,951963;20,000000;20,000000
25,971490;20,000000;20,000000
25,991017;20,000000;20,000000
26,010545;20,000000;20,000000
26,030072;20,000000;20,000000
26,049600;20,000000;20,000000
26,069127;20,000000;20,000000
26,088655;20,000000;20,000000
26,108182;20,000000;20,000000
26,127709;20,000000;20,000000
26,147237;20,000000;20,000000
26,166764;20,000000;20,000000
26,186292;20,000000;20,000000
26,205819;20,000000;20,000000
26,225347;20,000000;20,000000
26,244874;20,000000;20,000000
26,264401;20,000000;20,000000
26,283929;20,000000;20,000000
26,303456;20,000000;20,000000
26,322984;20,000000;20,000000
26,342511;20,000000;20,000000
26,362039;20,000000;20,000000
26,381566;20,000000;20,000000
26,401094;20,000000;20,000000
26,420621;20,000000;20,000000
26,440148;20,000000;20,000000
26,459676;20,000000;20,000000
26,479203;20,000000;20,000000
26,498731;20,000000;20,000000
26,518258;20,000000;20,000000
26,537786;20,000000;20,000000
26,557313;20,000000;20,000000
26,576840;20,000000;20,000000
26,596368;20,000000;20,000000
26,615895;20,000000;20,000000
26,635423;20,000000;20,000000
26,654950;20,000000;20,000000
26,674478;20,000000;20,000000
26,694005;20,000000;20,000000
26,713533;20,000000;20,000000
26,733060;20,000000;20,000000
26,752587;20,000000;20,000000
26,772115;20,000000;20,000000
26,791642;20,000000;20,000000
26,811170;20,000000;20,000000
26,830697;20,000000;20,000000
26,850225;20,000000;20,000000
26,869752;20,000000;20,000000
26,889279;20,000000;20,000000
26,908807;20,000000;20,000000
26,928334;20,000000;20,000000
26,947862;20,000000;20,000000
26,967389;20,000000;20,000000
26,986917;20,000000;20,000000
27,006444;20,000000;20,000000
27,025971;20,000000;20,000000
27,045499;20,000000;20,000000
27,065026;20,000000;20,000000
27,084554;20,000000;20,000000
27,104081;20,000000;20,000000
27,123609;20,000000;20,000000
27,143136;20,000000;20,000000
27,162664;20,000000;20,000000
27,182191;20,000000;20,000000
27,201718;20,000000;20,000000
27,221246;20,000000;20,000000
27,240773;20,000000;20,000000
27,260301;20,000000;20,000000
27,279828;20,000000;20,000000
27,299356;20,000000;20,000000
27,318883;20,000000;20,000000
27,338410;20,000000;20,000000
27,357938;20,000000;20,000000
27,377465;20,000000;20,000000
27,396993;20,000000;20,000000
27,416520;20,000000;20,000000
27,436048;20,000000;20,000000
27,455575;20,000000;20,000000
27,475103;20,000000;20,000000
27,494630;20,000000;20,000000
27,514157;20,000000;20,000000
27,533685;20,000000;20,000000
27,553212;20,000000;20,000000
27,572740;20,000000;20,000000
27,592267;20,000000;20,000000
27,611795;20,000000;20,000000
27,631322;20,000000;20,000000
27,650849;20,000000;20,000000
27,670377;20,000000;20,000000
27,689904;20,000000;20,000000
27,709432;20,000000;20,000000
27,728959;20,000000;20,000000
27,748487;20,000000;20,000000
27,768014;20,000000;20,000000
27,787541;20,000000;20,000000
27,807069;20,000000;20,000000
27,826596;20,000000;20,000000
27,846124;20,000000;20,000000
27,865651;20,000000;20,000000
27,885179;20,000000;20,000000
27,904706;20,000000;20,000000
27,924234;20,000000;20,000000
27,943761;20,000000;20,000000
27,963288;20,000000;20,000000
27,982816;20,000000;20,000000
28,002343;20,000000;20,000000
28,021871;20,000000;20,000000
28,041398;20,000000;20,000000
28,060926;20,000000;20,000000
28,080453;20,000000;20,000000
28,099980;20,000000;20,000000
28,119508;20,000000;20,000000
28,139035;20,000000;20,000000
28,158563;20,000000;20,000000
28,178090;20,000000;20,000000
28,197618;20,000000;20,000000
28,217145;20,000000;20,000000
28,236673;20,000000;20,000000
28,256200;20,000000;20,000000
28,275727;20,000000;20,000000
28,295255;20,000000;20,000000
28,314782;20,000000;20,000000
28,334310;20,000000;20,000000
28,353837;20,000000;20,000000
28,373365;20,000000;20,000000
28,392892;20,000000;20,000000
28,412419;20,000000;20,000000
28,431947;20,000000;20,000000
28,451474;20,000000;20,000000
28,471002;20,000000;20,000000
28,490529;20,000000;20,000000
28,510057;20,000000;20,000000
28,529584;20,000000;20,000000
28,549112;20,000000;20,000000
28,568639;20,000000;20,000000
28,588166;20,000000;20,000000
28,607694;20,000000;20,000000
28,627221;20,000000;20,000000
28,646749;20,000000;20,000000
28,666276;20,000000;20,000000
28,685804;20,000000;20,000000
28,705331;20,000000;20,000000
28,724858;20,000000;20,000000
28,744386;20,000000;20,000000
28,763913;20,000000;20,000000
28,783441;20,000000;20,000000
28,802968;20,000000;20,000000
28,822496;20,000000;20,000000
28,842023;20,000000;20,000000
28,861550;20,000000;20,000000
28,881078;20,000000;20,000000
28,900605;20,000000;20,000000
28,920133;20,000000;20,000000
28,939660;20,000000;20,000000
28,959188;20,000000;20,000000
28,978715;20,000000;20,000000
28,998243;20,000000;20,000000
29,017770;20,000000;20,000000
29,037297;20,000000;20,000000
29,056825;20,000000;20,000000
29,076352;20,000000;20,000000
29,095880;20,000000;20,000000
29,115407;20,000000;20,000000
29,134935;20,000000;20,000000
29,154462;20,000000;20,000000
29,173989;20,000000;20,000000
29,193517;20,000000;20,000000
29,213044;20,000000;20,000000
29,232572;20,000000;20,000000
29,252099;20,000000;20,000000
29,271627;20,000000;20,000000
29,291154;20,000000;20,000000
29,310682;20,000000;20,000000
29,330209;20,000000;20,000000
29,349736;20,000000;20,000000
29,369264;20,000000;20,000000
29,388791;20,000000;20,000000
29,408319;20,000000;20,000000
29,427846;20,000000;20,000000
29,447374;20,000000;20,000000
29,466901;20,000000;20,000000
29,486428;20,000000;20,000000
29,505956;20,000000;20,000000
29,525483;20,000000;20,000000
29,545011;20,000000;20,000000
29,564538;20,000000;20,000000
29,584066;20,000000;20,000000
29,603593;20,000000;20,000000
29,623120;20,000000;20,000000
29,642648;20,000000;20,000000
29,662175;20,000000;20,000000
29,681703;20,000000;20,000000
29,701230;20,000000;20,000000
29,720758;20,000000;20,000000
29,740285;20,000000;20,000000
29,759813;20,000000;20,000000
29,779340;20,000000;20,000000
29,798867;20,000000;20,000000
29,818395;20,000000;20,000000
29,837922;20,000000;20,000000
29,857450;20,000000;20,000000
29,876977;20,000000;20,000000
29,896505;20,000000;20,000000
29,916032;20,000000;20,000000
29,935559;20,000000;20,000000
29,955087;20,000000;20,000000
29,974614;20,000000;20,000000
29,994142;20,000000;20,000000
30,013669;20,000000;20,000000
30,033197;20,000000;20,000000
30,052724;20,000000;20,000000
30,072252;20,000000;20,000000
30,091779;20,000000;20,000000
30,111306;20,000000;20,000000
30,130834;20,000000;20,000000
30,150361;20,000000;20,000000
30,169889;20,000000;20,000000
30,189416;20,000000;20,000000
30,208944;20,000000;20,000000
30,228471;20,000000;20,000000
30,247998;20,000000;20,000000
30,267526;20,000000;20,000000
30,287053;20,000000;20,000000
30,306581;20,000000;20,000000
30,326108;20,000000;20,000000
30,345636;20,000000;20,000000
30,365163;20,000000;20,000000
30,384690;20,000000;20,000000
30,404218;20,000000;20,000000
30,423745;20,000000;20,000000
30,443273;20,000000;20,000000
30,462800;20,000000;20,000000
30,482328;20,000000;20,000000
30,501855;20,000000;20,000000
30,521383;20,000000;20,000000
30,540910;20,000000;20,000000
30,560437;20,000000;20,000000
30,579965;20,000000;20,000000
30,599492;20,000000;20,000000
30,619020;20,000000;20,000000
30,638547;20,000000;20,000000
30,658075;20,000000;20,000000
30,677602;20,000000;20,000000
30,697129;20,000000;20,000000
30,716657;20,000000;20,000000
30,736184;20,000000;20,000000
30,755712;20,000000;20,000000
30,775239;20,000000;20,000000
30,794767;20,000000;20,000000
30,814294;20,000000;20,000000
30,833822;20,000000;20,000000
30,853349;20,000000;20,000000
30,872876;20,000000;20,000000
30,892404;20,000000;20,000000
30,911931;20,000000;20,000000
30,931459;20,000000;20,000000
30,950986;20,000000;20,000000
30,970514;20,000000;20,000000
30,990041;20,000000;20,000000
31,009568;20,000000;20,000000
31,029096;20,000000;20,000000
31,048623;20,000000;20,000000
31,068151;20,000000;20,000000
31,087678;20,000000;20,000000
31,107206;20,000000;20,000000
31,126733;20,000000;20,000000
31,146260;20,000000;20,000000
31,165788;20,000000;20,000000
31,185315;20,000000;20,000000
31,204843;20,000000;20,000000
31,224370;20,000000;20,000000
31,243898;20,000000;20,000000
31,263425;20,000000;20,000000
31,282953;20,000000;20,000000
31,302480;20,000000;20,000000
31,322007;20,000000;20,000000
31,341535;20,000000;20,000000
31,361062;20,000000;20,000000
31,380590;20,000000;20,000000
31,400117;20,000000;20,000000
31,419645;20,000000;20,000000
31,439172;20,000000;20,000000
31,458699;20,000000;20,000000
31,478227;20,000000;20,000000
31,497754;20,000000;20,000000
31,517282;20,000000;20,000000
31,536809;20,000000;20,000000
31,556337;20,000000;20,000000
31,575864;20,000000;20,000000
31,595392;20,000000;20,000000
31,614919;20,000000;20,000000
31,634446;20,000000;20,000000
31,653974;20,000000;20,000000
31,673501;20,000000;20,000000
31,693029;20,000000;20,000000
31,712556;20,000000;20,000000
31,732084;20,000000;20,000000
31,751611;20,000000;20,000000
31,771138;20,000000;20,000000
31,790666;20,000000;20,000000
31,810193;20,000000;20,000000
31,829721;20,000000;20,000000
31,849248;20,000000;20,000000
31,868776;20,000000;20,000000
31,888303;20,000000;20,000000
31,907831;20,000000;20,000000
31,927358;20,000000;20,000000
31,946885;20,000000;20,000000
31,966413;20,000000;20,000000
31,985940;20,000000;20,000000
32,005468;20,000000;20,000000
32,024995;20,000000;20,000000
32,044523;20,000000;20,000000
32,064050;20,000000;20,000000
32,083577;20,000000;20,000000
32,103105;20,000000;20,000000
32,122632;20,000000;20,000000
32,142160;20,000000;20,000000
32,161687;20,000000;20,000000
32,181215;20,000000;20,000000
32,200742;20,000000;20,000000
32,220269;20,000000;20,000000
32,239797;20,000000;20,000000
32,259324;20,000000;20,000000
32,278852;20,000000;20,000000
32,298379;20,000000;20,000000
32,317907;20,000000;20,000000
32,337434;20,000000;20,000000
32,356962;20,000000;20,000000
32,376489;20,000000;20,000000
32,396016;20,000000;20,000000
32,415544;20,000000;20,000000
32,435071;20,000000;20,000000
32,454599;20,000000;20,000000
32,474126;20,000000;20,000000
32,493654;20,000000;20,000000
32,513181;20,000000;20,000000
32,532708;20,000000;20,000000
32,552236;20,000000;20,000000
32,571763;20,000000;20,000000
32,591291;20,000000;20,000000
32,610818;20,000000;20,000000
32,630346;20,000000;20,000000
32,649873;20,000000;20,000000
32,669401;20,000000;20,000000
32,688928;20,000000;20,000000
32,708455;20,000000;20,000000
32,727983;20,000000;20,000000
32,747510;20,000000;20,000000
32,767038;20,000000;20,000000
32,786565;20,000000;20,000000
32,806093;20,000000;20,000000
32,825620;20,000000;20,000000
32,845147;20,000000;20,000000
32,864675;20,000000;20,000000
32,884202;20,000000;20,000000
32,903730;20,000000;20,000000
32,923257;20,000000;20,000000
32,942785;20,000000;20,000000
32,962312;20,000000;20,000000
32,981839;20,000000;20,000000
33,001367;20,000000;20,000000
33,020894;20,000000;20,000000
33,040422;20,000000;20,000000
33,059949;20,000000;20,000000
33,079477;20,000000;20,000000
33,099004;20,000000;20,000000
33,118532;20,000000;20,000000
33,138059;20,000000;20,000000
33,157586;20,000000;20,000000
33,177114;20,000000;20,000000
33,196641;20,000000;20,000000
33,216169;20,000000;20,000000
33,235696;20,000000;20,000000
33,255224;20,000000;20,000000
33,274751;20,000000;20,000000
33,294278;20,000000;20,000000
33,313806;20,000000;20,000000
33,333333;20,000000;20,000000
33,352861;20,000000;20,000000
33,372388;20,000000;20,000000
33,391916;20,000000;20,000000
33,411443;20,000000;20,000000
33,430971;20,000000;20,000000
33,450498;20,000000;20,000000
33,470025;20,000000;20,000000
33,489553;20,000000;20,000000
33,509080;20,000000;20,000000
33,528608;20,000000;20,000000
33,548135;20,000000;20,000000
33,567663;20,000000;20,000000
33,587190;20,000000;20,000000
33,606717;20,000000;20,000000
33,626245;20,000000;20,000000
33,645772;20,000000;20,000000
33,665300;20,000000;20,000000
33,684827;20,000000;20,000000
33,704355;20,000000;20,000000
33,723882;20,000000;20,000000
33,743409;20,000000;20,000000
33,762937;20,000000;20,000000
33,782464;20,000000;20,000000
33,801992;20,000000;20,000000
33,821519;20,000000;20,000000
33,841047;20,000000;20,000000
33,860574;20,000000;20,000000
33,880102;20,000000;20,000000
33,899629;20,000000;20,000000
33,919156;20,000000;20,000000
33,938684;20,000000;20,000000
33,958211;20,000000;20,000000
33,977739;20,000000;20,000000
33,997266;20,000000;20,000000
34,016794;20,000000;20,000000
34,036321;20,000000;20,000000
34,055848;20,000000;20,000000
34,075376;20,000000;20,000000
34,094903;20,000000;20,000000
34,114431;20,000000;20,000000
34,133958;20,000000;20,000000
34,153486;20,000000;20,000000
34,173013;20,000000;20,000000
34,192541;20,000000;20,000000
34,212068;20,000000;20,000000
34,231595;20,000000;20,000000
34,251123;20,000000;20,000000
34,270650;20,000000;20,000000
34,290178;20,000000;20,000000
34,309705;20,000000;20,000000
34,329233;20,000000;20,000000
34,348760;20,000000;20,000000
34,368287;20,000000;20,000000
34,387815;20,000000;20,000000
34,407342;20,000000;20,000000
34,426870;20,000000;20,000000
34,446397;20,000000;20,000000
34,465925;20,000000;20,000000
34,485452;20,000000;20,000000
34,504979;20,000000;20,000000
34,524507;20,000000;20,000000
34,544034;20,000000;20,000000
34,563562;20,000000;20,000000
34,583089;20,000000;20,000000
34,602617;20,000000;20,000000
34,622144;20,000000;20,000000
34,641672;20,000000;20,000000
34,661199;20,000000;20,000000
34,680726;20,000000;20,000000
34,700254;20,000000;20,000000
34,719781;20,000000;20,000000
34,739309;20,000000;20,000000
34,758836;20,000000;20,000000
34,778364;20,000000;20,000000
34,797891;20,000000;20,000000
34,817418;20,000000;20,000000
34,836946;20,000000;20,000000
34,856473;20,000000;20,000000
34,876001;20,000000;20,000000
34,895528;20,000000;20,000000
34,915056;20,000000;20,000000
34,934583;20,000000;20,000000
34,954111;20,000000;20,000000
34,973638;20,000000;20,000000
34,993165;20,000000;20,000000
35,012693;20,000000;20,000000
35,032220;20,000000;20,000000
35,051748;20,000000;20,000000
35,071275;20,000000;20,000000
35,090803;20,000000;20,000000
35,110330;20,000000;20,000000
35,129857;20,000000;20,000000
35,149385;20,000000;20,000000
35,168912;20,000000;20,000000
35,188440;20,000000;20,000000
35,207967;20,000000;20,000000
35,227495;20,000000;20,000000
35,247022;20,000000;20,000000
35,266550;20,000000;20,000000
35,286077;20,000000;20,000000
35,305604;20,000000;20,000000
35,325132;20,000000;20,000000
35,344659;20,000000;20,000000
35,364187;20,000000;20,000000
35,383714;20,000000;20,000000
35,403242;20,000000;20,000000
35,422769;20,000000;20,000000
35,442296;20,000000;20,000000
35,461824;20,000000;20,000000
35,481351;20,000000;20,000000
35,500879;20,000000;20,000000
35,520406;20,000000;20,000000
35,539934;20,000000;20,000000
35,559461;20,000000;20,000000
35,578988;20,000000;20,000000
35,598516;20,000000;20,000000
35,618043;20,000000;20,000000
35,637571;20,000000;20,000000
35,657098;20,000000;20,000000
35,676626;20,000000;20,000000
35,696153;20,000000;20,000000
35,715681;20,000000;20,000000
35,735208;20,000000;20,000000
35,754735;20,000000;20,000000
35,774263;20,000000;20,000000
35,793790;20,000000;20,000000
35,813318;20,000000;20,000000
35,832845;20,000000;20,000000
35,852373;20,000000;20,000000
35,871900;20,000000;20,000000
35,891427;20,000000;20,000000
35,910955;20,000000;20,000000
35,930482;20,000000;20,000000
35,950010;20,000000;20,000000
35,969537;20,000000;20,000000
35,989065;20,000000;20,000000
36,008592;20,000000;20,000000
36,028120;20,000000;20,000000
36,047647;20,000000;20,000000
36,067174;20,000000;20,000000
36,086702;20,000000;20,000000
36,106229;20,000000;20,000000
36,125757;20,000000;20,000000
36,145284;20,000000;20,000000
36,164812;20,000000;20,000000
36,184339;20,000000;20,000000
36,203866;20,000000;20,000000
36,223394;20,000000;20,000000
36,242921;20,000000;20,000000
36,262449;20,000000;20,000000
36,281976;20,000000;20,000000
36,301504;20,000000;20,000000
36,321031;20,000000;20,000000
36,340558;20,000000;20,000000
36,360086;20,000000;20,000000
36,379613;20,000000;20,000000
36,399141;20,000000;20,000000
36,418668;20,000000;20,000000
36,438196;20,000000;20,000000
36,457723;20,000000;20,000000
36,477251;20,000000;20,000000
36,496778;20,000000;20,000000
36,516305;20,000000;20,000000
36,535833;20,000000;20,000000
36,555360;20,000000;20,000000
36,574888;20,000000;20,000000
36,594415;20,000000;20,000000
36,613943;20,000000;20,000000
36,633470;20,000000;20,000000
36,652997;20,000000;20,000000
36,672525;20,000000;20,000000
36,692052;20,000000;20,000000
36,711580;20,000000;20,000000
36,731107;20,000000;20,000000
36,750635;20,000000;20,000000
36,770162;20,000000;20,000000
36,789690;20,000000;20,000000
36,809217;20,000000;20,000000
36,828744;20,000000;20,000000
36,848272;20,000000;20,000000
36,867799;20,000000;20,000000
36,887327;20,000000;20,000000
36,906854;20,000000;20,000000
36,926382;20,000000;20,000000
36,945909;20,000000;20,000000
36,965436;20,000000;20,000000
36,984964;20,000000;20,000000
37,004491;20,000000;20,000000
37,024019;20,000000;20,000000
37,043546;20,000000;20,000000
37,063074;20,000000;20,000000
37,082601;20,000000;20,000000
37,102128;20,000000;20,000000
37,121656;20,000000;20,000000
37,141183;20,000000;20,000000
37,160711;20,000000;20,000000
37,180238;20,000000;20,000000
37,199766;20,000000;20,000000
37,219293;20,000000;20,000000
37,238821;20,000000;20,000000
37,258348;20,000000;20,000000
37,277875;20,000000;20,000000
37,297403;20,000000;20,000000
37,316930;20,000000;20,000000
37,336458;20,000000;20,000000
37,355985;20,000000;20,000000
37,375513;20,000000;20,000000
37,395040;20,000000;20,000000
37,414567;20,000000;20,000000
37,434095;20,000000;20,000000
37,453622;20,000000;20,000000
37,473150;20,000000;20,000000
37,492677;20,000000;20,000000
37,512205;20,000000;20,000000
37,531732;20,000000;20,000000
37,551260;20,000000;20,000000
37,570787;20,000000;20,000000
37,590314;20,000000;20,000000
37,609842;20,000000;20,000000
37,629369;20,000000;20,000000
37,648897;20,000000;20,000000
37,668424;20,000000;20,000000
37,687952;20,000000;20,000000
37,707479;20,000000;20,000000
37,727006;20,000000;20,000000
37,746534;20,000000;20,000000
37,766061;20,000000;20,000000
37,785589;20,000000;20,000000
37,805116;20,000000;20,000000
37,824644;20,000000;20,000000
37,844171;20,000000;20,000000
37,863698;20,000000;20,000000
37,883226;20,000000;20,000000
37,902753;20,000000;20,000000
37,922281;20,000000;20,000000
37,941808;20,000000;20,000000
37,961336;20,000000;20,000000
37,980863;20,000000;20,000000
38,000391;20,000000;20,000000
38,019918;20,000000;20,000000
38,039445;20,000000;20,000000
38,058973;20,000000;20,000000
38,078500;20,000000;20,000000
38,098028;20,000000;20,000000
38,117555;20,000000;20,000000
38,137083;20,000000;20,000000
38,156610;20,000000;20,000000
38,176137;20,000000;20,000000
38,195665;20,000000;20,000000
38,215192;20,000000;20,000000
38,234720;20,000000;20,000000
38,254247;20,000000;20,000000
38,273775;20,000000;20,000000
38,293302;20,000000;20,000000
38,312830;20,000000;20,000000
38,332357;20,000000;20,000000
38,351884;20,000000;20,000000
38,371412;20,000000;20,000000
38,390939;20,000000;20,000000
38,410467;20,000000;20,000000
38,429994;20,000000;20,000000
38,449522;20,000000;20,000000
38,469049;20,000000;20,000000
38,488576;20,000000;20,000000
38,508104;20,000000;20,000000
38,527631;20,000000;20,000000
38,547159;20,000000;20,000000
38,566686;20,000000;20,000000
38,586214;20,000000;20,000000
38,605741;20,000000;20,000000
38,625269;20,000000;20,000000
38,644796;20,000000;20,000000
38,664323;20,000000;20,000000
38,683851;20,000000;20,000000
38,703378;20,000000;20,000000
38,722906;20,000000;20,000000
38,742433;20,000000;20,000000
38,761961;20,000000;20,000000
38,781488;20,000000;20,000000
38,801015;20,000000;20,000000
38,820543;20,000000;20,000000
38,840070;20,000000;20,000000
38,859598;20,000000;20,000000
38,879125;20,000000;20,000000
38,898653;20,000000;20,000000
38,918180;20,000000;20,000000
38,937707;20,000000;20,000000
38,957235;20,000000;20,000000
38,976762;20,000000;20,000000
38,996290;20,000000;20,000000
39,015817;20,000000;20,000000
39,035345;20,000000;20,000000
39,054872;20,000000;20,000000
39,074400;20,000000;20,000000
39,093927;20,000000;20,000000
39,113454;20,000000;20,000000
39,132982;20,000000;20,000000
39,152509;20,000000;20,000000
39,172037;20,000000;20,000000
39,191564;20,000000;20,000000
39,211092;20,000000;20,000000
39,230619;20,000000;20,000000
39,250146;20,000000;20,000000
39,269674;20,000000;20,000000
39,289201;20,000000;20,000000
39,308729;20,000000;20,000000
39,328256;20,000000;20,000000
39,347784;20,000000;20,000000
39,367311;20,000000;20,000000
39,386839;20,000000;20,000000
39,406366;20,000000;20,000000
39,425893;20,000000;20,000000
39,445421;20,000000;20,000000
39,464948;20,000000;20,000000
39,484476;20,000000;20,000000
39,504003;20,000000;20,000000
39,523531;20,000000;20,000000
39,543058;20,000000;20,000000
39,562585;20,000000;20,000000
39,582113;20,000000;20,000000
39,601640;20,000000;20,000000
39,621168;20,000000;20,000000
39,640695;20,000000;20,000000
39,660223;20,000000;20,000000
39,679750;20,000000;20,000000
39,699277;20,000000;20,000000
39,718805;20,000000;20,000000
39,738332;20,000000;20,000000
39,757860;20,000000;20,000000
39,777387;20,000000;20,000000
39,796915;20,000000;20,000000
39,816442;20,000000;20,000000
39,835970;20,000000;20,000000
39,855497;20,000000;20,000000
39,875024;20,000000;20,000000
39,894552;20,000000;20,000000
39,914079;20,000000;20,000000
39,933607;20,000000;20,000000
39,953134;20,000000;20,000000
39,972662;20,000000;20,000000
39,992189;20,000000;20,000000
40,011716;20,000000;20,000000
40,031244;20,000000;20,000000
40,050771;20,000000;20,000000
40,070299;20,000000;20,000000
40,089826;20,000000;20,000000
40,109354;20,000000;20,000000
40,128881;20,000000;20,000000
40,148409;20,000000;20,000000
40,167936;20,000000;20,000000
40,187463;20,000000;20,000000
40,206991;20,000000;20,000000
40,226518;20,000000;20,000000
40,246046;20,000000;20,000000
40,265573;20,000000;20,000000
40,285101;20,000000;20,000000
40,304628;20,000000;20,000000
40,324155;20,000000;20,000000
40,343683;20,000000;20,000000
40,363210;20,000000;20,000000
40,382738;20,000000;20,000000
40,402265;20,000000;20,000000
40,421793;20,000000;20,000000
40,441320;20,000000;20,000000
40,460847;20,000000;20,000000
40,480375;20,000000;20,000000
40,499902;20,000000;20,000000
40,519430;20,000000;20,000000
40,538957;20,000000;20,000000
40,558485;20,000000;20,000000
40,578012;20,000000;20,000000
40,597540;20,000000;20,000000
40,617067;20,000000;20,000000
40,636594;20,000000;20,000000
40,656122;20,000000;20,000000
40,675649;20,000000;20,000000
40,695177;20,000000;20,000000
40,714704;20,000000;20,000000
40,734232;20,000000;20,000000
40,753759;20,000000;20,000000
40,773286;20,000000;20,000000
40,792814;20,000000;20,000000
40,812341;20,000000;20,000000
40,831869;20,000000;20,000000
40,851396;20,000000;20,000000
40,870924;20,000000;20,000000
40,890451;20,000000;20,000000
40,909979;20,000000;20,000000
40,929506;20,000000;20,000000
40,949033;20,000000;20,000000
40,968561;20,000000;20,000000
40,988088;20,000000;20,000000
41,007616;20,000000;20,000000
41,027143;20,000000;20,000000
41,046671;20,000000;20,000000
41,066198;20,000000;20,000000
41,085725;20,000000;20,000000
41,105253;20,000000;20,000000
41,124780;20,000000;20,000000
41,144308;20,000000;20,000000
41,163835;20,000000;20,000000
41,183363;20,000000;20,000000
41,202890;20,000000;20,000000
41,222417;20,000000;20,000000
41,241945;20,000000;20,000000
41,261472;20,000000;20,000000
41,281000;20,000000;20,000000
41,300527;20,000000;20,000000
41,320055;20,000000;20,000000
41,339582;20,000000;20,000000
41,359110;20,000000;20,000000
41,378637;20,000000;20,000000
41,398164;20,000000;20,000000
41,417692;20,000000;20,000000
41,437219;20,000000;20,000000
41,456747;20,000000;20,000000
41,476274;20,000000;20,000000
41,495802;20,000000;20,000000
41,515329;20,000000;20,000000
41,534856;20,000000;20,000000
41,554384;20,000000;20,000000
41,573911;20,000000;20,000000
41,593439;20,000000;20,000000
41,612966;20,000000;20,000000
41,632494;20,000000;20,000000
41,652021;20,000000;20,000000
41,671549;20,000000;20,000000
41,691076;20,000000;20,000000
41,710603;20,000000;20,000000
41,730131;20,000000;20,000000
41,749658;20,000000;20,000000
41,769186;20,000000;20,000000
41,788713;20,000000;20,000000
41,808241;20,000000;20,000000
41,827768;20,000000;20,000000
41,847295;20,000000;20,000000
41,866823;20,000000;20,000000
41,886350;20,000000;20,000000
41,905878;20,000000;20,000000
41,925405;20,000000;20,000000
41,944933;20,000000;20,000000
41,964460;20,000000;20,000000
41,983988;20,000000;20,000000
42,003515;20,000000;20,000000
42,023042;20,000000;20,000000
42,042570;20,000000;20,000000
42,062097;20,000000;20,000000
42,081625;20,000000;20,000000
42,101152;20,000000;20,000000
42,120680;20,000000;20,000000
42,140207;20,000000;20,000000
42,159734;20,000000;20,000000
42,179262;20,000000;20,000000
42,198789;20,000000;20,000000
42,218317;20,000000;20,000000
42,237844;20,000000;20,000000
42,257372;20,000000;20,000000
42,276899;20,000000;20,000000
42,296426;20,000000;20,000000
42,315954;20,000000;20,000000
42,335481;20,000000;20,000000
42,355009;20,000000;20,000000
42,374536;20,000000;20,000000
42,394064;20,000000;20,000000
42,413591;20,000000;20,000000
42,433119;20,000000;20,000000
42,452646;20,000000;20,000000
42,472173;20,000000;20,000000
42,491701;20,000000;20,000000
42,511228;20,000000;20,000000
42,530756;20,000000;20,000000
42,550283;20,000000;20,000000
42,569811;20,000000;20,000000
42,589338;20,000000;20,000000
42,608865;20,000000;20,000000
42,628393;20,000000;20,000000
42,647920;20,000000;20,000000
42,667448;20,000000;20,000000
42,686975;20,000000;20,000000
42,706503;20,000000;20,000000
42,726030;20,000000;20,000000
42,745558;20,000000;20,000000
42,765085;20,000000;20,000000
42,784612;20,000000;20,000000
42,804140;20,000000;20,000000
42,823667;20,000000;20,000000
42,843195;20,000000;20,000000
42,862722;20,000000;20,000000
42,882250;20,000000;20,000000
42,901777;20,000000;20,000000
42,921304;20,000000;20,000000
42,940832;20,000000;20,000000
42,960359;20,000000;20,000000
42,979887;20,000000;20,000000
42,999414;20,000000;20,000000
43,018942;20,000000;20,000000
43,038469;20,000000;20,000000
43,057996;20,000000;20,000000
43,077524;20,000000;20,000000
43,097051;20,000000;20,000000
43,116579;20,000000;20,000000
43,136106;20,000000;20,000000
43,155634;20,000000;20,000000
43,175161;20,000000;20,000000
43,194689;20,000000;20,000000
43,214216;20,000000;20,000000
43,233743;20,000000;20,000000
43,253271;20,000000;20,000000
43,272798;20,000000;20,000000
43,292326;20,000000;20,000000
43,311853;20,000000;20,000000
43,331381;20,000000;20,000000
43,350908;20,000000;20,000000
43,370435;20,000000;20,000000
43,389963;20,000000;20,000000
43,409490;20,000000;20,000000
43,429018;20,000000;20,000000
43,448545;20,000000;20,000000
43,468073;20,000000;20,000000
43,487600;20,000000;20,000000
43,507128;20,000000;20,000000
43,526655;20,000000;20,000000
43,546182;20,000000;20,000000
43,565710;20,000000;20,000000
43,585237;20,000000;20,000000
43,604765;20,000000;20,000000
43,624292;20,000000;20,000000
43,643820;20,000000;20,000000
43,663347;20,000000;20,000000
43,682874;20,000000;20,000000
43,702402;20,000000;20,000000
43,721929;20,000000;20,000000
43,741457;20,000000;20,000000
43,760984;20,000000;20,000000
43,780512;20,000000;20,000000
43,800039;20,000000;20,000000
43,819566;20,000000;20,000000
43,839094;20,000000;20,000000
43,858621;20,000000;20,000000
43,878149;20,000000;20,000000
43,897676;20,000000;20,000000
43,917204;20,000000;20,000000
43,936731;20,000000;20,000000
43,956259;20,000000;20,000000
43,975786;20,000000;20,000000
43,995313;20,000000;20,000000
44,014841;20,000000;20,000000
44,034368;20,000000;20,000000
44,053896;20,000000;20,000000
44,073423;20,000000;20,000000
44,092951;20,000000;20,000000
44,112478;20,000000;20,000000
44,132005;20,000000;20,000000
44,151533;20,000000;20,000000
44,171060;20,000000;20,000000
44,190588;20,000000;20,000000
44,210115;20,000000;20,000000
44,229643;20,000000;20,000000
44,249170;20,000000;20,000000
44,268698;20,000000;20,000000
44,288225;20,000000;20,000000
44,307752;20,000000;20,000000
44,327280;20,000000;20,000000
44,346807;20,000000;20,000000
44,366335;20,000000;20,000000
44,385862;20,000000;20,000000
44,405390;20,000000;20,000000
44,424917;20,000000;20,000000
44,444444;20,000000;20,000000
44,463972;20,000000;20,000000
44,483499;20,000000;20,000000
44,503027;20,000000;20,000000
44,522554;20,000000;20,000000
44,542082;20,000000;20,000000
44,561609;20,000000;20,000000
44,581136;20,000000;20,000000
44,600664;20,000000;20,000000
44,620191;20,000000;20,000000
44,639719;20,000000;20,000000
44,659246;20,000000;20,000000
44,678774;20,000000;20,000000
44,698301;20,000000;20,000000
44,717829;20,000000;20,000000
44,737356;20,000000;20,000000
44,756883;20,000000;20,000000
44,776411;20,000000;20,000000
44,795938;20,000000;20,000000
44,815466;20,000000;20,000000
44,834993;20,000000;20,000000
44,854521;20,000000;20,000000
44,874048;20,000000;20,000000
44,893575;20,000000;20,000000
44,913103;20,000000;20,000000
44,932630;20,000000;20,000000
44,952158;20,000000;20,000000
44,971685;20,000000;20,000000
44,991213;20,000000;20,000000
45,010740;20,000000;20,000000
45,030268;20,000000;20,000000
45,049795;20,000000;20,000000
45,069322;20,000000;20,000000
45,088850;20,000000;20,000000
45,108377;20,000000;20,000000
45,127905;20,000000;20,000000
45,147432;20,000000;20,000000
45,166960;20,000000;20,000000
45,186487;20,000000;20,000000
45,206014;20,000000;20,000000
45,225542;20,000000;20,000000
45,245069;20,000000;20,000000
45,264597;20,000000;20,000000
45,284124;20,000000;20,000000
45,303652;20,000000;20,000000
45,323179;20,000000;20,000000
45,342707;20,000000;20,000000
45,362234;20,000000;20,000000
45,381761;20,000000;20,000000
45,401289;20,000000;20,000000
45,420816;20,000000;20,000000
45,440344;20,000000;20,000000
45,459871;20,000000;20,000000
45,479399;20,000000;20,000000
45,498926;20,000000;20,000000
45,518453;20,000000;20,000000
45,537981;20,000000;20,000000
45,557508;20,000000;20,000000
45,577036;20,000000;20,000000
45,596563;20,000000;20,000000
45,616091;20,000000;20,000000
45,635618;20,000000;20,000000
45,655145;20,000000;20,000000
45,674673;20,000000;20,000000
45,694200;20,000000;20,000000
45,713728;20,000000;20,000000
45,733255;20,000000;20,000000
45,752783;20,000000;20,000000
45,772310;20,000000;20,000000
45,791838;20,000000;20,000000
45,811365;20,000000;20,000000
45,830892;20,000000;20,000000
45,850420;20,000000;20,000000
45,869947;20,000000;20,000000
45,889475;20,000000;20,000000
45,909002;20,000000;20,000000
45,928530;20,000000;20,000000
45,948057;20,000000;20,000000
45,967584;20,000000;20,000000
45,987112;20,000000;20,000000
46,006639;20,000000;20,000000
46,026167;20,000000;20,000000
46,045694;20,000000;20,000000
46,065222;20,000000;20,000000
46,084749;20,000000;20,000000
46,104277;20,000000;20,000000
46,123804;20,000000;20,000000
46,143331;20,000000;20,000000
46,162859;20,000000;20,000000
46,182386;20,000000;20,000000
46,201914;20,000000;20,000000
46,221441;20,000000;20,000000
46,240969;20,000000;20,000000
46,260496;20,000000;20,000000
46,280023;20,000000;20,000000
46,299551;20,000000;20,000000
46,319078;20,000000;20,000000
46,338606;20,000000;20,000000
46,358133;20,000000;20,000000
46,377661;20,000000;20,000000
46,397188;20,000000;20,000000
46,416715;20,000000;20,000000
46,436243;20,000000;20,000000
46,455770;20,000000;20,000000
46,475298;20,000000;20,000000
46,494825;20,000000;20,000000
46,514353;20,000000;20,000000
46,533880;20,000000;20,000000
46,553408;20,000000;20,000000
46,572935;20,000000;20,000000
46,592462;20,000000;20,000000
46,611990;20,000000;20,000000
46,631517;20,000000;20,000000
46,651045;20,000000;20,000000
46,670572;20,000000;20,000000
46,690100;20,000000;20,000000
46,709627;20,000000;20,000000
46,729154;20,000000;20,000000
46,748682;20,000000;20,000000
46,768209;20,000000;20,000000
46,787737;20,000000;20,000000
46,807264;20,000000;20,000000
46,826792;20,000000;20,000000
46,846319;20,000000;20,000000
46,865847;20,000000;20,000000
46,885374;20,000000;20,000000
46,904901;20,000000;20,000000
46,924429;20,000000;20,000000
46,943956;20,000000;20,000000
46,963484;20,000000;20,000000
46,983011;20,000000;20,000000
47,002539;20,000000;20,000000
47,022066;20,000000;20,000000
47,041593;20,000000;20,000000
47,061121;20,000000;20,000000
47,080648;20,000000;20,000000
47,100176;20,000000;20,000000
47,119703;20,000000;20,000000
47,139231;20,000000;20,000000
47,158758;20,000000;20,000000
47,178285;20,000000;20,000000
47,197813;20,000000;20,000000
47,217340;20,000000;20,000000
47,236868;20,000000;20,000000
47,256395;20,000000;20,000000
47,275923;20,000000;20,000000
47,295450;20,000000;20,000000
47,314978;20,000000;20,000000
47,334505;20,000000;20,000000
47,354032;20,000000;20,000000
47,373560;20,000000;20,000000
47,393087;20,000000;20,000000
47,412615;20,000000;20,000000
47,432142;20,000000;20,000000
47,451670;20,000000;20,000000
47,471197;20,000000;20,000000
47,490724;20,000000;20,000000
47,510252;20,000000;20,000000
47,529779;20,000000;20,000000
47,549307;20,000000;20,000000
47,568834;20,000000;20,000000
47,588362;20,000000;20,000000
47,607889;20,000000;20,000000
47,627417;20,000000;20,000000
47,646944;20,000000;20,000000
47,666471;20,000000;20,000000
47,685999;20,000000;20,000000
47,705526;20,000000;20,000000
47,725054;20,000000;20,000000
47,744581;20,000000;20,000000
47,764109;20,000000;20,000000
47,783636;20,000000;20,000000
47,803163;20,000000;20,000000
47,822691;20,000000;20,000000
47,842218;20,000000;20,000000
47,861746;20,000000;20,000000
47,881273;20,000000;20,000000
47,900801;20,000000;20,000000
47,920328;20,000000;20,000000
47,939855;20,000000;20,000000
47,959383;20,000000;20,000000
47,978910;20,000000;20,000000
47,998438;20,000000;20,000000
48,017965;20,000000;20,000000
48,037493;20,000000;20,000000
48,057020;20,000000;20,000000
48,076548;20,000000;20,000000
48,096075;20,000000;20,000000
48,115602;20,000000;20,000000
48,135130;20,000000;20,000000
48,154657;20,000000;20,000000
48,174185;20,000000;20,000000
48,193712;20,000000;20,000000
48,213240;20,000000;20,000000
48,232767;20,000000;20,000000
48,252294;20,000000;20,000000
48,271822;20,000000;20,000000
48,291349;20,000000;20,000000
48,310877;20,000000;20,000000
48,330404;20,000000;20,000000
48,349932;20,000000;20,000000
48,369459;20,000000;20,000000
48,388987;20,000000;20,000000
48,408514;20,000000;20,000000
48,428041;20,000000;20,000000
48,447569;20,000000;20,000000
48,467096;20,000000;20,000000
48,486624;20,000000;20,000000
48,506151;20,000000;20,000000
48,525679;20,000000;20,000000
48,545206;20,000000;20,000000
48,564733;20,000000;20,000000
48,584261;20,000000;20,000000
48,603788;20,000000;20,000000
48,623316;20,000000;20,000000
48,642843;20,000000;20,000000
48,662371;20,000000;20,000000
48,681898;20,000000;20,000000
48,701426;20,000000;20,000000
48,720953;20,000000;20,000000
48,740480;20,000000;20,000000
48,760008;20,000000;20,000000
48,779535;20,000000;20,000000
48,799063;20,000000;20,000000
48,818590;20,000000;20,000000
48,838118;20,000000;20,000000
48,857645;20,000000;20,000000
48,877172;20,000000;20,000000
48,896700;20,000000;20,000000
48,916227;20,000000;20,000000
48,935755;20,000000;20,000000
48,955282;20,000000;20,000000
48,974810;20,000000;20,000000
48,994337;20,000000;20,000000
49,013864;20,000000;20,000000
49,033392;20,000000;20,000000
49,052919;20,000000;20,000000
49,072447;20,000000;20,000000
49,091974;20,000000;20,000000
49,111502;20,000000;20,000000
49,131029;20,000000;20,000000
49,150557;20,000000;20,000000
49,170084;20,000000;20,000000
49,189611;20,000000;20,000000
49,209139;20,000000;20,000000
49,228666;20,000000;20,000000
49,248194;20,000000;20,000000
49,267721;20,000000;20,000000
49,287249;20,000000;20,000000
49,306776;20,000000;20,000000
49,326303;20,000000;20,000000
49,345831;20,000000;20,000000
49,365358;20,000000;20,000000
49,384886;20,000000;20,000000
49,404413;20,000000;20,000000
49,423941;20,000000;20,000000
49,443468;20,000000;20,000000
49,462996;20,000000;20,000000
49,482523;20,000000;20,000000
49,502050;20,000000;20,000000
49,521578;20,000000;20,000000
49,541105;20,000000;20,000000
49,560633;20,000000;20,000000
49,580160;20,000000;20,000000
49,599688;20,000000;20,000000
49,619215;20,000000;20,000000
49,638742;20,000000;20,000000
49,658270;20,000000;20,000000
49,677797;20,000000;20,000000
49,697325;20,000000;20,000000
49,716852;20,000000;20,000000
49,736380;20,000000;20,000000
49,755907;20,000000;20,000000
49,775434;20,000000;20,000000
49,794962;20,000000;20,000000
49,814489;20,000000;20,000000
49,834017;20,000000;20,000000
49,853544;20,000000;20,000000
49,873072;20,000000;20,000000
49,892599;20,000000;20,000000
49,912127;20,000000;20,000000
49,931654;20,000000;20,000000
49,951181;20,000000;20,000000
49,970709;20,000000;20,000000
49,990236;20,000000;20,000000
50,009764;20,000000;20,000000
50,029291;20,000000;20,000000
50,048819;20,000000;20,000000
50,068346;20,000000;20,000000
50,087873;20,000000;20,000000
50,107401;20,000000;20,000000
50,126928;20,000000;20,000000
50,146456;20,000000;20,000000
50,165983;20,000000;20,000000
50,185511;20,000000;20,000000
50,205038;20,000000;20,000000
50,224566;20,000000;20,000000
50,244093;20,000000;20,000000
50,263620;20,000000;20,000000
50,283148;20,000000;20,000000
50,302675;20,000000;20,000000
50,322203;20,000000;20,000000
50,341730;20,000000;20,000000
50,361258;20,000000;20,000000
50,380785;20,000000;20,000000
50,400312;20,000000;20,000000
50,419840;20,000000;20,000000
50,439367;20,000000;20,000000
50,458895;20,000000;20,000000
50,478422;20,000000;20,000000
50,497950;20,000000;20,000000
50,517477;20,000000;20,000000
50,537004;20,000000;20,000000
50,556532;20,000000;20,000000
50,576059;20,000000;20,000000
50,595587;20,000000;20,000000
50,615114;20,000000;20,000000
50,634642;20,000000;20,000000
50,654169;20,000000;20,000000
50,673697;20,000000;20,000000
50,693224;20,000000;20,000000
50,712751;20,000000;20,000000
50,732279;20,000000;20,000000
50,751806;20,000000;20,000000
50,771334;20,000000;20,000000
50,790861;20,000000;20,000000
50,810389;20,000000;20,000000
50,829916;20,000000;20,000000
50,849443;20,000000;20,000000
50,868971;20,000000;20,000000
50,888498;20,000000;20,000000
50,908026;20,000000;20,000000
50,927553;20,000000;20,000000
50,947081;20,000000;20,000000
50,966608;20,000000;20,000000
50,986136;20,000000;20,000000
51,005663;20,000000;20,000000
51,025190;20,000000;20,000000
51,044718;20,000000;20,000000
51,064245;20,000000;20,000000
51,083773;20,000000;20,000000
51,103300;20,000000;20,000000
51,122828;20,000000;20,000000
51,142355;20,000000;20,000000
51,161882;20,000000;20,000000
51,181410;20,000000;20,000000
51,200937;20,000000;20,000000
51,220465;20,000000;20,000000
51,239992;20,000000;20,000000
51,259520;20,000000;20,000000
51,279047;20,000000;20,000000
51,298574;20,000000;20,000000
51,318102;20,000000;20,000000
51,337629;20,000000;20,000000
51,357157;20,000000;20,000000
51,376684;20,000000;20,000000
51,396212;20,000000;20,000000
51,415739;20,000000;20,000000
51,435267;20,000000;20,000000
51,454794;20,000000;20,000000
51,474321;20,000000;20,000000
51,493849;20,000000;20,000000
51,513376;20,000000;20,000000
51,532904;20,000000;20,000000
51,552431;20,000000;20,000000
51,571959;20,000000;20,000000
51,591486;20,000000;20,000000
51,611013;20,000000;20,000000
51,630541;20,000000;20,000000
51,650068;20,000000;20,000000
51,669596;20,000000;20,000000
51,689123;20,000000;20,000000
51,708651;20,000000;20,000000
51,728178;20,000000;20,000000
51,747706;20,000000;20,000000
51,767233;20,000000;20,000000
51,786760;20,000000;20,000000
51,806288;20,000000;20,000000
51,825815;20,000000;20,000000
51,845343;20,000000;20,000000
51,864870;20,000000;20,000000
51,884398;20,000000;20,000000
51,903925;20,000000;20,000000
51,923452;20,000000;20,000000
51,942980;20,000000;20,000000
51,962507;20,000000;20,000000
51,982035;20,000000;20,000000
52,001562;20,000000;20,000000
52,021090;20,000000;20,000000
52,040617;20,000000;20,000000
52,060145;20,000000;20,000000
52,079672;20,000000;20,000000
52,099199;20,000000;20,000000
52,118727;20,000000;20,000000
52,138254;20,000000;20,000000
52,157782;20,000000;20,000000
52,177309;20,000000;20,000000
52,196837;20,000000;20,000000
52,216364;20,000000;20,000000
52,235891;20,000000;20,000000
52,255419;20,000000;20,000000
52,274946;20,000000;20,000000
52,294474;20,000000;20,000000
52,314001;20,000000;20,000000
52,333529;20,000000;20,000000
52,353056;20,000000;20,000000
52,372583;20,000000;20,000000
52,392111;20,000000;20,000000
52,411638;20,000000;20,000000
52,431166;20,000000;20,000000
52,450693;20,000000;20,000000
52,470221;20,000000;20,000000
52,489748;20,000000;20,000000
52,509276;20,000000;20,000000
52,528803;20,000000;20,000000
52,548330;20,000000;20,000000
52,567858;20,000000;20,000000
52,587385;20,000000;20,000000
52,606913;20,000000;20,000000
52,626440;20,000000;20,000000
52,645968;20,000000;20,000000
52,665495;20,000000;20,000000
52,685022;20,000000;20,000000
52,704550;20,000000;20,000000
52,724077;20,000000;20,000000
52,743605;20,000000;20,000000
52,763132;20,000000;20,000000
52,782660;20,000000;20,000000
52,802187;20,000000;20,000000
52,821715;20,000000;20,000000
52,841242;20,000000;20,000000
52,860769;20,000000;20,000000
52,880297;20,000000;20,000000
52,899824;20,000000;20,000000
52,919352;20,000000;20,000000
52,938879;20,000000;20,000000
52,958407;20,000000;20,000000
52,977934;20,000000;20,000000
52,997461;20,000000;20,000000
53,016989;20,000000;20,000000
53,036516;20,000000;20,000000
53,056044;20,000000;20,000000
53,075571;20,000000;20,000000
53,095099;20,000000;20,000000
53,114626;20,000000;20,000000
53,134153;20,000000;20,000000
53,153681;20,000000;20,000000
53,173208;20,000000;20,000000
53,192736;20,000000;20,000000
53,212263;20,000000;20,000000
53,231791;20,000000;20,000000
53,251318;20,000000;20,000000
53,270846;20,000000;20,000000
53,290373;20,000000;20,000000
53,309900;20,000000;20,000000
53,329428;20,000000;20,000000
53,348955;20,000000;20,000000
53,368483;20,000000;20,000000
53,388010;20,000000;20,000000
53,407538;20,000000;20,000000
53,427065;20,000000;20,000000
53,446592;20,000000;20,000000
53,466120;20,000000;20,000000
53,485647;20,000000;20,000000
53,505175;20,000000;20,000000
53,524702;20,000000;20,000000
53,544230;20,000000;20,000000
53,563757;20,000000;20,000000
53,583285;20,000000;20,000000
53,602812;20,000000;20,000000
53,622339;20,000000;20,000000
53,641867;20,000000;20,000000
53,661394;20,000000;20,000000
53,680922;20,000000;20,000000
53,700449;20,000000;20,000000
53,719977;20,000000;20,000000
53,739504;20,000000;20,000000
53,759031;20,000000;20,000000
53,778559;20,000000;20,000000
53,798086;20,000000;20,000000
53,817614;20,000000;20,000000
53,837141;20,000000;20,000000
53,856669;20,000000;20,000000
53,876196;20,000000;20,000000
53,895723;20,000000;20,000000
53,915251;20,000000;20,000000
53,934778;20,000000;20,000000
53,954306;20,000000;20,000000
53,973833;20,000000;20,000000
53,993361;20,000000;20,000000
54,012888;20,000000;20,000000
54,032416;20,000000;20,000000
54,051943;20,000000;20,000000
54,071470;20,000000;20,000000
54,090998;20,000000;20,000000
54,110525;20,000000;20,000000
54,130053;20,000000;20,000000
54,149580;20,000000;20,000000
54,169108;20,000000;20,000000
54,188635;20,000000;20,000000
54,208162;20,000000;20,000000
54,227690;20,000000;20,000000
54,247217;20,000000;20,000000
54,266745;20,000000;20,000000
54,286272;20,000000;20,000000
54,305800;20,000000;20,000000
54,325327;20,000000;20,000000
54,344855;20,000000;20,000000
54,364382;20,000000;20,000000
54,383909;20,000000;20,000000
54,403437;20,000000;20,000000
54,422964;20,000000;20,000000
54,442492;20,000000;20,000000
54,462019;20,000000;20,000000
54,481547;20,000000;20,000000
54,501074;20,000000;20,000000
54,520601;20,000000;20,000000
54,540129;20,000000;20,000000
54,559656;20,000000;20,000000
54,579184;20,000000;20,000000
54,598711;20,000000;20,000000
54,618239;20,000000;20,000000
54,637766;20,000000;20,000000
54,657293;20,000000;20,000000
54,676821;20,000000;20,000000
54,696348;20,000000;20,000000
54,715876;20,000000;20,000000
54,735403;20,000000;20,000000
54,754931;20,000000;20,000000
54,774458;20,000000;20,000000
54,793986;20,000000;20,000000
54,813513;20,000000;20,000000
54,833040;20,000000;20,000000
54,852568;20,000000;20,000000
54,872095;20,000000;20,000000
54,891623;20,000000;20,000000
54,911150;20,000000;20,000000
54,930678;20,000000;20,000000
54,950205;20,000000;20,000000
54,969732;20,000000;20,000000
54,989260;20,000000;20,000000
55,008787;20,000000;20,000000
55,028315;20,000000;20,000000
55,047842;20,000000;20,000000
55,067370;20,000000;20,000000
55,086897;20,000000;20,000000
55,106425;20,000000;20,000000
55,125952;20,000000;20,000000
55,145479;20,000000;20,000000
55,165007;20,000000;20,000000
55,184534;20,000000;20,000000
55,204062;20,000000;20,000000
55,223589;20,000000;20,000000
55,243117;20,000000;20,000000
55,262644;20,000000;20,000000
55,282171;20,000000;20,000000
55,301699;20,000000;20,000000
55,321226;20,000000;20,000000
55,340754;20,000000;20,000000
55,360281;20,000000;20,000000
55,379809;20,000000;20,000000
55,399336;20,000000;20,000000
55,418864;20,000000;20,000000
55,438391;20,000000;20,000000
55,457918;20,000000;20,000000
55,477446;20,000000;20,000000
55,496973;20,000000;20,000000
55,516501;20,000000;20,000000
55,536028;20,000000;20,000000
55,555556;20,000000;20,000000
55,575083;20,000000;20,000000
55,594610;20,000000;20,000000
55,614138;20,000000;20,000000
55,633665;20,000000;20,000000
55,653193;20,000000;20,000000
55,672720;20,000000;20,000000
55,692248;20,000000;20,000000
55,711775;20,000000;20,000000
55,731302;20,000000;20,000000
55,750830;20,000000;20,000000
55,770357;20,000000;20,000000
55,789885;20,000000;20,000000
55,809412;20,000000;20,000000
55,828940;20,000000;20,000000
55,848467;20,000000;20,000000
55,867995;20,000000;20,000000
55,887522;20,000000;20,000000
55,907049;20,000000;20,000000
55,926577;20,000000;20,000000
55,946104;20,000000;20,000000
55,965632;20,000000;20,000000
55,985159;20,000000;20,000000
56,004687;20,000000;20,000000
56,024214;20,000000;20,000000
56,043741;20,000000;20,000000
56,063269;20,000000;20,000000
56,082796;20,000000;20,000000
56,102324;20,000000;20,000000
56,121851;20,000000;20,000000
56,141379;20,000000;20,000000
56,160906;20,000000;20,000000
56,180434;20,000000;20,000000
56,199961;20,000000;20,000000
56,219488;20,000000;20,000000
56,239016;20,000000;20,000000
56,258543;20,000000;20,000000
56,278071;20,000000;20,000000
56,297598;20,000000;20,000000
56,317126;20,000000;20,000000
56,336653;20,000000;20,000000
56,356180;20,000000;20,000000
56,375708;20,000000;20,000000
56,395235;20,000000;20,000000
56,414763;20,000000;20,000000
56,434290;20,000000;20,000000
56,453818;20,000000;20,000000
56,473345;20,000000;20,000000
56,492872;20,000000;20,000000
56,512400;20,000000;20,000000
56,531927;20,000000;20,000000
56,551455;20,000000;20,000000
56,570982;20,000000;20,000000
56,590510;20,000000;20,000000
56,610037;20,000000;20,000000
56,629565;20,000000;20,000000
56,649092;20,000000;20,000000
56,668619;20,000000;20,000000
56,688147;20,000000;20,000000
56,707674;20,000000;20,000000
56,727202;20,000000;20,000000
56,746729;20,000000;20,000000
56,766257;20,000000;20,000000
56,785784;20,000000;20,000000
56,805311;20,000000;20,000000
56,824839;20,000000;20,000000
56,844366;20,000000;20,000000
56,863894;20,000000;20,000000
56,883421;20,000000;20,000000
56,902949;20,000000;20,000000
56,922476;20,000000;20,000000
56,942004;20,000000;20,000000
56,961531;20,000000;20,000000
56,981058;20,000000;20,000000
57,000586;20,000000;20,000000
57,020113;20,000000;20,000000
57,039641;20,000000;20,000000
57,059168;20,000000;20,000000
57,078696;20,000000;20,000000
57,098223;20,000000;20,000000
57,117750;20,000000;20,000000
57,137278;20,000000;20,000000
57,156805;20,000000;20,000000
57,176333;20,000000;20,000000
57,195860;20,000000;20,000000
57,215388;20,000000;20,000000
57,234915;20,000000;20,000000
57,254442;20,000000;20,000000
57,273970;20,000000;20,000000
57,293497;20,000000;20,000000
57,313025;20,000000;20,000000
57,332552;20,000000;20,000000
57,352080;20,000000;20,000000
57,371607;20,000000;20,000000
57,391135;20,000000;20,000000
57,410662;20,000000;20,000000
57,430189;20,000000;20,000000
57,449717;20,000000;20,000000
57,469244;20,000000;20,000000
57,488772;20,000000;20,000000
57,508299;20,000000;20,000000
57,527827;20,000000;20,000000
57,547354;20,000000;20,000000
57,566881;20,000000;20,000000
57,586409;20,000000;20,000000
57,605936;20,000000;20,000000
57,625464;20,000000;20,000000
57,644991;20,000000;20,000000
57,664519;20,000000;20,000000
57,684046;20,000000;20,000000
57,703574;20,000000;20,000000
57,723101;20,000000;20,000000
57,742628;20,000000;20,000000
57,762156;20,000000;20,000000
57,781683;20,000000;20,000000
57,801211;20,000000;20,000000
57,820738;20,000000;20,000000
57,840266;20,000000;20,000000
57,859793;20,000000;20,000000
57,879320;20,000000;20,000000
57,898848;20,000000;20,000000
57,918375;20,000000;20,000000
57,937903;20,000000;20,000000
57,957430;20,000000;20,000000
57,976958;20,000000;20,000000
57,996485;20,000000;20,000000
58,016012;20,000000;20,000000
58,035540;20,000000;20,000000
58,055067;20,000000;20,000000
58,074595;20,000000;20,000000
58,094122;20,000000;20,000000
58,113650;20,000000;20,000000
58,133177;20,000000;20,000000
58,152705;20,000000;20,000000
58,172232;20,000000;20,000000
58,191759;20,000000;20,000000
58,211287;20,000000;20,000000
58,230814;20,000000;20,000000
58,250342;20,000000;20,000000
58,269869;20,000000;20,000000
58,289397;20,000000;20,000000
58,308924;20,000000;20,000000
58,328451;20,000000;20,000000
58,347979;20,000000;20,000000
58,367506;20,000000;20,000000
58,387034;20,000000;20,000000
58,406561;20,000000;20,000000
58,426089;20,000000;20,000000
58,445616;20,000000;20,000000
58,465144;20,000000;20,000000
58,484671;20,000000;20,000000
58,504198;20,000000;20,000000
58,523726;20,000000;20,000000
58,543253;20,000000;20,000000
58,562781;20,000000;20,000000
58,582308;20,000000;20,000000
58,601836;20,000000;20,000000
58,621363;20,000000;20,000000
58,640890;20,000000;20,000000
58,660418;20,000000;20,000000
58,679945;20,000000;20,000000
58,699473;20,000000;20,000000
58,719000;20,000000;20,000000
58,738528;20,000000;20,000000
58,758055;20,000000;20,000000
58,777583;20,000000;20,000000
58,797110;20,000000;20,000000
58,816637;20,000000;20,000000
58,836165;20,000000;20,000000
58,855692;20,000000;20,000000
58,875220;20,000000;20,000000
58,894747;20,000000;20,000000
58,914275;20,000000;20,000000
58,933802;20,000000;20,000000
58,953329;20,000000;20,000000
58,972857;20,000000;20,000000
58,992384;20,000000;20,000000
59,011912;20,000000;20,000000
59,031439;20,000000;20,000000
59,050967;20,000000;20,000000
59,070494;20,000000;20,000000
59,090021;20,000000;20,000000
59,109549;20,000000;20,000000
59,129076;20,000000;20,000000
59,148604;20,000000;20,000000
59,168131;20,000000;20,000000
59,187659;20,000000;20,000000
59,207186;20,000000;20,000000
59,226714;20,000000;20,000000
59,246241;20,000000;20,000000
59,265768;20,000000;20,000000
59,285296;20,000000;20,000000
59,304823;20,000000;20,000000
59,324351;20,000000;20,000000
59,343878;20,000000;20,000000
59,363406;20,000000;20,000000
59,382933;20,000000;20,000000
59,402460;20,000000;20,000000
59,421988;20,000000;20,000000
59,441515;20,000000;20,000000
59,461043;20,000000;20,000000
59,480570;20,000000;20,000000
59,500098;20,000000;20,000000
59,519625;20,000000;20,000000
59,539153;20,000000;20,000000
59,558680;20,000000;20,000000
59,578207;20,000000;20,000000
59,597735;20,000000;20,000000
59,617262;20,000000;20,000000
59,636790;20,000000;20,000000
59,656317;20,000000;20,000000
59,675845;20,000000;20,000000
59,695372;20,000000;20,000000
59,714899;20,000000;20,000000
59,734427;20,000000;20,000000
59,753954;20,000000;20,000000
59,773482;20,000000;20,000000
59,793009;20,000000;20,000000
59,812537;20,000000;20,000000
59,832064;20,000000;20,000000
59,851591;20,000000;20,000000
59,871119;20,000000;20,000000
59,890646;20,000000;20,000000
59,910174;20,000000;20,000000
59,929701;20,000000;20,000000
59,949229;20,000000;20,000000
59,968756;20,000000;20,000000
59,988284;20,000000;20,000000
60,007811;20,000000;20,000000
60,027338;20,000000;20,000000
60,046866;20,000000;20,000000
60,066393;20,000000;20,000000
60,085921;20,000000;20,000000
60,105448;20,000000;20,000000
60,124976;20,000000;20,000000
60,144503;20,000000;20,000000
60,164030;20,000000;20,000000
60,183558;20,000000;20,000000
60,203085;20,000000;20,000000
60,222613;20,000000;20,000000
60,242140;20,000000;20,000000
60,261668;20,000000;20,000000
60,281195;20,000000;20,000000
60,300723;20,000000;20,000000
60,320250;20,000000;20,000000
60,339777;20,000000;20,000000
60,359305;20,000000;20,000000
60,378832;20,000000;20,000000
60,398360;20,000000;20,000000
60,417887;20,000000;20,000000
60,437415;20,000000;20,000000
60,456942;20,000000;20,000000
60,476469;20,000000;20,000000
60,495997;20,000000;20,000000
60,515524;20,000000;20,000000
60,535052;20,000000;20,000000
60,554579;20,000000;20,000000
60,574107;20,000000;20,000000
60,593634;20,000000;20,000000
60,613161;20,000000;20,000000
60,632689;20,000000;20,000000
60,652216;20,000000;20,000000
60,671744;20,000000;20,000000
60,691271;20,000000;20,000000
60,710799;20,000000;20,000000
60,730326;20,000000;20,000000
60,749854;20,000000;20,000000
60,769381;20,000000;20,000000
60,788908;20,000000;20,000000
60,808436;20,000000;20,000000
60,827963;20,000000;20,000000
60,847491;20,000000;20,000000
60,867018;20,000000;20,000000
60,886546;20,000000;20,000000
60,906073;20,000000;20,000000
60,925600;20,000000;20,000000
60,945128;20,000000;20,000000
60,964655;20,000000;20,000000
60,984183;20,000000;20,000000
61,003710;20,000000;20,000000
61,023238;20,000000;20,000000
61,042765;20,000000;20,000000
61,062293;20,000000;20,000000
61,081820;20,000000;20,000000
61,101347;20,000000;20,000000
61,120875;20,000000;20,000000
61,140402;20,000000;20,000000
61,159930;20,000000;20,000000
61,179457;20,000000;20,000000
61,198985;20,000000;20,000000
61,218512;20,000000;20,000000
61,238039;20,000000;20,000000
61,257567;20,000000;20,000000
61,277094;20,000000;20,000000
61,296622;20,000000;20,000000
61,316149;20,000000;20,000000
61,335677;20,000000;20,000000
61,355204;20,000000;20,000000
61,374731;20,000000;20,000000
61,394259;20,000000;20,000000
61,413786;20,000000;20,000000
61,433314;20,000000;20,000000
61,452841;20,000000;20,000000
61,472369;20,000000;20,000000
61,491896;20,000000;20,000000
61,511424;20,000000;20,000000
61,530951;20,000000;20,000000
61,550478;20,000000;20,000000
61,570006;20,000000;20,000000
61,589533;20,000000;20,000000
61,609061;20,000000;20,000000
61,628588;20,000000;20,000000
61,648116;20,000000;20,000000
61,667643;20,000000;20,000000
61,687170;20,000000;20,000000
61,706698;20,000000;20,000000
61,726225;20,000000;20,000000
61,745753;20,000000;20,000000
61,765280;20,000000;20,000000
61,784808;20,000000;20,000000
61,804335;20,000000;20,000000
61,823863;20,000000;20,000000
61,843390;20,000000;20,000000
61,862917;20,000000;20,000000
61,882445;20,000000;20,000000
61,901972;20,000000;20,000000
61,921500;20,000000;20,000000
61,941027;20,000000;20,000000
61,960555;20,000000;20,000000
61,980082;20,000000;20,000000
61,999609;20,000000;20,000000
62,019137;20,000000;20,000000
62,038664;20,000000;20,000000
62,058192;20,000000;20,000000
62,077719;20,000000;20,000000
62,097247;20,000000;20,000000
62,116774;20,000000;20,000000
62,136302;20,000000;20,000000
62,155829;20,000000;20,000000
62,175356;20,000000;20,000000
62,194884;20,000000;20,000000
62,214411;20,000000;20,000000
62,233939;20,000000;20,000000
62,253466;20,000000;20,000000
62,272994;20,000000;20,000000
62,292521;20,000000;20,000000
62,312048;20,000000;20,000000
62,331576;20,000000;20,000000
62,351103;20,000000;20,000000
62,370631;20,000000;20,000000
62,390158;20,000000;20,000000
62,409686;20,000000;20,000000
62,429213;20,000000;20,000000
62,448740;20,000000;20,000000
62,468268;20,000000;20,000000
62,487795;20,000000;20,000000
62,507323;20,000000;20,000000
62,526850;20,000000;20,000000
62,546378;20,000000;20,000000
62,565905;20,000000;20,000000
62,585433;20,000000;20,000000
62,604960;20,000000;20,000000
62,624487;20,000000;20,000000
62,644015;20,000000;20,000000
62,663542;20,000000;20,000000
62,683070;20,000000;20,000000
62,702597;20,000000;20,000000
62,722125;20,000000;20,000000
62,741652;20,000000;20,000000
62,761179;20,000000;20,000000
62,780707;20,000000;20,000000
62,800234;20,000000;20,000000
62,819762;20,000000;20,000000
62,839289;20,000000;20,000000
62,858817;20,000000;20,000000
62,878344;20,000000;20,000000
62,897872;20,000000;20,000000
62,917399;20,000000;20,000000
62,936926;20,000000;20,000000
62,956454;20,000000;20,000000
62,975981;20,000000;20,000000
62,995509;20,000000;20,000000
63,015036;20,000000;20,000000
63,034564;20,000000;20,000000
63,054091;20,000000;20,000000
63,073618;20,000000;20,000000
63,093146;20,000000;20,000000
63,112673;20,000000;20,000000
63,132201;20,000000;20,000000
63,151728;20,000000;20,000000
63,171256;20,000000;20,000000
63,190783;20,000000;20,000000
63,210310;20,000000;20,000000
63,229838;20,000000;20,000000
63,249365;20,000000;20,000000
63,268893;20,000000;20,000000
63,288420;20,000000;20,000000
63,307948;20,000000;20,000000
63,327475;20,000000;20,000000
63,347003;20,000000;20,000000
63,366530;20,000000;20,000000
63,386057;20,000000;20,000000
63,405585;20,000000;20,000000
63,425112;20,000000;20,000000
63,444640;20,000000;20,000000
63,464167;20,000000;20,000000
63,483695;20,000000;20,000000
63,503222;20,000000;20,000000
63,522749;20,000000;20,000000
63,542277;20,000000;20,000000
63,561804;20,000000;20,000000
63,581332;20,000000;20,000000
63,600859;20,000000;20,000000
63,620387;20,000000;20,000000
63,639914;20,000000;20,000000
63,659442;20,000000;20,000000
63,678969;20,000000;20,000000
63,698496;20,000000;20,000000
63,718024;20,000000;20,000000
63,737551;20,000000;20,000000
63,757079;20,000000;20,000000
63,776606;20,000000;20,000000
63,796134;20,000000;20,000000
63,815661;20,000000;20,000000
63,835188;20,000000;20,000000
63,854716;20,000000;20,000000
63,874243;20,000000;20,000000
63,893771;20,000000;20,000000
63,913298;20,000000;20,000000
63,932826;20,000000;20,000000
63,952353;20,000000;20,000000
63,971880;20,000000;20,000000
63,991408;20,000000;20,000000
64,010935;20,000000;20,000000
64,030463;20,000000;20,000000
64,049990;20,000000;20,000000
64,069518;20,000000;20,000000
64,089045;20,000000;20,000000
64,108573;20,000000;20,000000
64,128100;20,000000;20,000000
64,147627;20,000000;20,000000
64,167155;20,000000;20,000000
64,186682;20,000000;20,000000
64,206210;20,000000;20,000000
64,225737;20,000000;20,000000
64,245265;20,000000;20,000000
64,264792;20,000000;20,000000
64,284319;20,000000;20,000000
64,303847;20,000000;20,000000
64,323374;20,000000;20,000000
64,342902;20,000000;20,000000
64,362429;20,000000;20,000000
64,381957;20,000000;20,000000
64,401484;20,000000;20,000000
64,421012;20,000000;20,000000
64,440539;20,000000;20,000000
64,460066;20,000000;20,000000
64,479594;20,000000;20,000000
64,499121;20,000000;20,000000
64,518649;20,000000;20,000000
64,538176;20,000000;20,000000
64,557704;20,000000;20,000000
64,577231;20,000000;20,000000
64,596758;20,000000;20,000000
64,616286;20,000000;20,000000
64,635813;20,000000;20,000000
64,655341;20,000000;20,000000
64,674868;20,000000;20,000000
64,694396;20,000000;20,000000
64,713923;20,000000;20,000000
64,733450;20,000000;20,000000
64,752978;20,000000;20,000000
64,772505;20,000000;20,000000
64,792033;20,000000;20,000000
64,811560;20,000000;20,000000
64,831088;20,000000;20,000000
64,850615;20,000000;20,000000
64,870143;20,000000;20,000000
64,889670;20,000000;20,000000
64,909197;20,000000;20,000000
64,928725;20,000000;20,000000
64,948252;20,000000;20,000000
64,967780;20,000000;20,000000
64,987307;20,000000;20,000000
65,006835;20,000000;20,000000
65,026362;20,000000;20,000000
65,045889;20,000000;20,000000
65,065417;20,000000;20,000000
65,084944;20,000000;20,000000
65,104472;20,000000;20,000000
65,123999;20,000000;20,000000
65,143527;20,000000;20,000000
65,163054;20,000000;20,000000
65,182582;20,000000;20,000000
65,202109;20,000000;20,000000
65,221636;20,000000;20,000000
65,241164;20,000000;20,000000
65,260691;20,000000;20,000000
65,280219;20,000000;20,000000
65,299746;20,000000;20,000000
65,319274;20,000000;20,000000
65,338801;20,000000;20,000000
65,358328;20,000000;20,000000
65,377856;20,000000;20,000000
65,397383;20,000000;20,000000
65,416911;20,000000;20,000000
65,436438;20,000000;20,000000
65,455966;20,000000;20,000000
65,475493;20,000000;20,000000
65,495021;20,000000;20,000000
65,514548;20,000000;20,000000
65,534075;20,000000;20,000000
65,553603;20,000000;20,000000
65,573130;20,000000;20,000000
65,592658;20,000000;20,000000
65,612185;20,000000;20,000000
65,631713;20,000000;20,000000
65,651240;20,000000;20,000000
65,670767;20,000000;20,000000
65,690295;20,000000;20,000000
65,709822;20,000000;20,000000
65,729350;20,000000;20,000000
65,748877;20,000000;20,000000
65,768405;20,000000;20,000000
65,787932;20,000000;20,000000
65,807459;20,000000;20,000000
65,826987;20,000000;20,000000
65,846514;20,000000;20,000000
65,866042;20,000000;20,000000
65,885569;20,000000;20,000000
65,905097;20,000000;20,000000
65,924624;20,000000;20,000000
65,944152;20,000000;20,000000
65,963679;20,000000;20,000000
65,983206;20,000000;20,000000
66,002734;20,000000;20,000000
66,022261;20,000000;20,000000
66,041789;20,000000;20,000000
66,061316;20,000000;20,000000
66,080844;20,000000;20,000000
66,100371;20,000000;20,000000
66,119898;20,000000;20,000000
66,139426;20,000000;20,000000
66,158953;20,000000;20,000000
66,178481;20,000000;20,000000
66,198008;20,000000;20,000000
66,217536;20,000000;20,000000
66,237063;20,000000;20,000000
66,256591;20,000000;20,000000
66,276118;20,000000;20,000000
66,295645;20,000000;20,000000
66,315173;20,000000;20,000000
66,334700;20,000000;20,000000
66,354228;20,000000;20,000000
66,373755;20,000000;20,000000
66,393283;20,000000;20,000000
66,412810;20,000000;20,000000
66,432337;20,000000;20,000000
66,451865;20,000000;20,000000
66,471392;20,000000;20,000000
66,490920;20,000000;20,000000
66,510447;20,000000;20,000000
66,529975;20,000000;20,000000
66,549502;20,000000;20,000000
66,569029;20,000000;20,000000
66,588557;20,000000;20,000000
66,608084;20,000000;20,000000
66,627612;20,000000;20,000000
66,647139;20,000000;20,000000
66,666667;20,000000;20,000000
66,686194;20,000000;20,000000
66,705722;20,000000;20,000000
66,725249;20,000000;20,000000
66,744776;20,000000;20,000000
66,764304;20,000000;20,000000
66,783831;20,000000;20,000000
66,803359;20,000000;20,000000
66,822886;20,000000;20,000000
66,842414;20,000000;20,000000
66,861941;20,000000;20,000000
66,881468;20,000000;20,000000
66,900996;20,000000;20,000000
66,920523;20,000000;20,000000
66,940051;20,000000;20,000000
66,959578;20,000000;20,000000
66,979106;20,000000;20,000000
66,998633;20,000000;20,000000
67,018161;20,000000;20,000000
67,037688;20,000000;20,000000
67,057215;20,000000;20,000000
67,076743;20,000000;20,000000
67,096270;20,000000;20,000000
67,115798;20,000000;20,000000
67,135325;20,000000;20,000000
67,154853;20,000000;20,000000
67,174380;20,000000;20,000000
67,193907;20,000000;20,000000
67,213435;20,000000;20,000000
67,232962;20,000000;20,000000
67,252490;20,000000;20,000000
67,272017;20,000000;20,000000
67,291545;20,000000;20,000000
67,311072;20,000000;20,000000
67,330599;20,000000;20,000000
67,350127;20,000000;20,000000
67,369654;20,000000;20,000000
67,389182;20,000000;20,000000
67,408709;20,000000;20,000000
67,428237;20,000000;20,000000
67,447764;20,000000;20,000000
67,467292;20,000000;20,000000
67,486819;20,000000;20,000000
67,506346;20,000000;20,000000
67,525874;20,000000;20,000000
67,545401;20,000000;20,000000
67,564929;20,000000;20,000000
67,584456;20,000000;20,000000
67,603984;20,000000;20,000000
67,623511;20,000000;20,000000
67,643038;20,000000;20,000000
67,662566;20,000000;20,000000
67,682093;20,000000;20,000000
67,701621;20,000000;20,000000
67,721148;20,000000;20,000000
67,740676;20,000000;20,000000
67,760203;20,000000;20,000000
67,779731;20,000000;20,000000
67,799258;20,000000;20,000000
67,818785;20,000000;20,000000
67,838313;20,000000;20,000000
67,857840;20,000000;20,000000
67,877368;20,000000;20,000000
67,896895;20,000000;20,000000
67,916423;20,000000;20,000000
67,935950;20,000000;20,000000
67,955477;20,000000;20,000000
67,975005;20,000000;20,000000
67,994532;20,000000;20,000000
68,014060;20,000000;20,000000
68,033587;20,000000;20,000000
68,053115;20,000000;20,000000
68,072642;20,000000;20,000000
68,092169;20,000000;20,000000
68,111697;20,000000;20,000000
68,131224;20,000000;20,000000
68,150752;20,000000;20,000000
68,170279;20,000000;20,000000
68,189807;20,000000;20,000000
68,209334;20,000000;20,000000
68,228862;20,000000;20,000000
68,248389;20,000000;20,000000
68,267916;20,000000;20,000000
68,287444;20,000000;20,000000
68,306971;20,000000;20,000000
68,326499;20,000000;20,000000
68,346026;20,000000;20,000000
68,365554;20,000000;20,000000
68,385081;20,000000;20,000000
68,404608;20,000000;20,000000
68,424136;20,000000;20,000000
68,443663;20,000000;20,000000
68,463191;20,000000;20,000000
68,482718;20,000000;20,000000
68,502246;20,000000;20,000000
68,521773;20,000000;20,000000
68,541301;20,000000;20,000000
68,560828;20,000000;20,000000
68,580355;20,000000;20,000000
68,599883;20,000000;20,000000
68,619410;20,000000;20,000000
68,638938;20,000000;20,000000
68,658465;20,000000;20,000000
68,677993;20,000000;20,000000
68,697520;20,000000;20,000000
68,717047;20,000000;20,000000
68,736575;20,000000;20,000000
68,756102;20,000000;20,000000
68,775630;20,000000;20,000000
68,795157;20,000000;20,000000
68,814685;20,000000;20,000000
68,834212;20,000000;20,000000
68,853740;20,000000;20,000000
68,873267;20,000000;20,000000
68,892794;20,000000;20,000000
68,912322;20,000000;20,000000
68,931849;20,000000;20,000000
68,951377;20,000000;20,000000
68,970904;20,000000;20,000000
68,990432;20,000000;20,000000
69,009959;20,000000;20,000000
69,029486;20,000000;20,000000
69,049014;20,000000;20,000000
69,068541;20,000000;20,000000
69,088069;20,000000;20,000000
69,107596;20,000000;20,000000
69,127124;20,000000;20,000000
69,146651;20,000000;20,000000
69,166178;20,000000;20,000000
69,185706;20,000000;20,000000
69,205233;20,000000;20,000000
69,224761;20,000000;20,000000
69,244288;20,000000;20,000000
69,263816;20,000000;20,000000
69,283343;20,000000;20,000000
69,302871;20,000000;20,000000
69,322398;20,000000;20,000000
69,341925;20,000000;20,000000
69,361453;20,000000;20,000000
69,380980;20,000000;20,000000
69,400508;20,000000;20,000000
69,420035;20,000000;20,000000
69,439563;20,000000;20,000000
69,459090;20,000000;20,000000
69,478617;20,000000;20,000000
69,498145;20,000000;20,000000
69,517672;20,000000;20,000000
69,537200;20,000000;20,000000
69,556727;20,000000;20,000000
69,576255;20,000000;20,000000
69,595782;20,000000;20,000000
69,615310;20,000000;20,000000
69,634837;20,000000;20,000000
69,654364;20,000000;20,000000
69,673892;20,000000;20,000000
69,693419;20,000000;20,000000
69,712947;20,000000;20,000000
69,732474;20,000000;20,000000
69,752002;20,000000;20,000000
69,771529;20,000000;20,000000
69,791056;20,000000;20,000000
69,810584;20,000000;20,000000
69,830111;20,000000;20,000000
69,849639;20,000000;20,000000
69,869166;20,000000;20,000000
69,888694;20,000000;20,000000
69,908221;20,000000;20,000000
69,927748;20,000000;20,000000
69,947276;20,000000;20,000000
69,966803;20,000000;20,000000
69,986331;20,000000;20,000000
70,005858;20,000000;20,000000
70,025386;20,000000;20,000000
70,044913;20,000000;20,000000
70,064441;20,000000;20,000000
70,083968;20,000000;20,000000
70,103495;20,000000;20,000000
70,123023;20,000000;20,000000
70,142550;20,000000;20,000000
70,162078;20,000000;20,000000
70,181605;20,000000;20,000000
70,201133;20,000000;20,000000
70,220660;20,000000;20,000000
70,240187;20,000000;20,000000
70,259715;20,000000;20,000000
70,279242;20,000000;20,000000
70,298770;20,000000;20,000000
70,318297;20,000000;20,000000
70,337825;20,000000;20,000000
70,357352;20,000000;20,000000
70,376880;20,000000;20,000000
70,396407;20,000000;20,000000
70,415934;20,000000;20,000000
70,435462;20,000000;20,000000
70,454989;20,000000;20,000000
70,474517;20,000000;20,000000
70,494044;20,000000;20,000000
70,513572;20,000000;20,000000
70,533099;20,000000;20,000000
70,552626;20,000000;20,000000
70,572154;20,000000;20,000000
70,591681;20,000000;20,000000
70,611209;20,000000;20,000000
70,630736;20,000000;20,000000
70,650264;20,000000;20,000000
70,669791;20,000000;20,000000
70,689318;20,000000;20,000000
70,708846;20,000000;20,000000
70,728373;20,000000;20,000000
70,747901;20,000000;20,000000
70,767428;20,000000;20,000000
70,786956;20,000000;20,000000
70,806483;20,000000;20,000000
70,826011;20,000000;20,000000
70,845538;20,000000;20,000000
70,865065;20,000000;20,000000
70,884593;20,000000;20,000000
70,904120;20,000000;20,000000
70,923648;20,000000;20,000000
70,943175;20,000000;20,000000
70,962703;20,000000;20,000000
70,982230;20,000000;20,000000
71,001757;20,000000;20,000000
71,021285;20,000000;20,000000
71,040812;20,000000;20,000000
71,060340;20,000000;20,000000
71,079867;20,000000;20,000000
71,099395;20,000000;20,000000
71,118922;20,000000;20,000000
71,138450;20,000000;20,000000
71,157977;20,000000;20,000000
71,177504;20,000000;20,000000
71,197032;20,000000;20,000000
71,216559;20,000000;20,000000
71,236087;20,000000;20,000000
71,255614;20,000000;20,000000
71,275142;20,000000;20,000000
71,294669;20,000000;20,000000
71,314196;20,000000;20,000000
71,333724;20,000000;20,000000
71,353251;20,000000;20,000000
71,372779;20,000000;20,000000
71,392306;20,000000;20,000000
71,411834;20,000000;20,000000
71,431361;20,000000;20,000000
71,450888;20,000000;20,000000
71,470416;20,000000;20,000000
71,489943;20,000000;20,000000
71,509471;20,000000;20,000000
71,528998;20,000000;20,000000
71,548526;20,000000;20,000000
71,568053;20,000000;20,000000
71,587581;20,000000;20,000000
71,607108;20,000000;20,000000
71,626635;20,000000;20,000000
71,646163;20,000000;20,000000
71,665690;20,000000;20,000000
71,685218;20,000000;20,000000
71,704745;20,000000;20,000000
71,724273;20,000000;20,000000
71,743800;20,000000;20,000000
71,763327;20,000000;20,000000
71,782855;20,000000;20,000000
71,802382;20,000000;20,000000
71,821910;20,000000;20,000000
71,841437;20,000000;20,000000
71,860965;20,000000;20,000000
71,880492;20,000000;20,000000
71,900020;20,000000;20,000000
71,919547;20,000000;20,000000
71,939074;20,000000;20,000000
71,958602;20,000000;20,000000
71,978129;20,000000;20,000000
71,997657;20,000000;20,000000
72,017184;20,000000;20,000000
72,036712;20,000000;20,000000
72,056239;20,000000;20,000000
72,075766;20,000000;20,000000
72,095294;20,000000;20,000000
72,114821;20,000000;20,000000
72,134349;20,000000;20,000000
72,153876;20,000000;20,000000
72,173404;20,000000;20,000000
72,192931;20,000000;20,000000
72,212459;20,000000;20,000000
72,231986;20,000000;20,000000
72,251513;20,000000;20,000000
72,271041;20,000000;20,000000
72,290568;20,000000;20,000000
72,310096;20,000000;20,000000
72,329623;20,000000;20,000000
72,349151;20,000000;20,000000
72,368678;20,000000;20,000000
72,388205;20,000000;20,000000
72,407733;20,000000;20,000000
72,427260;20,000000;20,000000
72,446788;20,000000;20,000000
72,466315;20,000000;20,000000
72,485843;20,000000;20,000000
72,505370;20,000000;20,000000
72,524897;20,000000;20,000000
72,544425;20,000000;20,000000
72,563952;20,000000;20,000000
72,583480;20,000000;20,000000
72,603007;20,000000;20,000000
72,622535;20,000000;20,000000
72,642062;20,000000;20,000000
72,661590;20,000000;20,000000
72,681117;20,000000;20,000000
72,700644;20,000000;20,000000
72,720172;20,000000;20,000000
72,739699;20,000000;20,000000
72,759227;20,000000;20,000000
72,778754;20,000000;20,000000
72,798282;20,000000;20,000000
72,817809;20,000000;20,000000
72,837336;20,000000;20,000000
72,856864;20,000000;20,000000
72,876391;20,000000;20,000000
72,895919;20,000000;20,000000
72,915446;20,000000;20,000000
72,934974;20,000000;20,000000
72,954501;20,000000;20,000000
72,974029;20,000000;20,000000
72,993556;20,000000;20,000000
73,013083;20,000000;20,000000
73,032611;20,000000;20,000000
73,052138;20,000000;20,000000
73,071666;20,000000;20,000000
73,091193;20,000000;20,000000
73,110721;20,000000;20,000000
73,130248;20,000000;20,000000
73,149775;20,000000;20,000000
73,169303;20,000000;20,000000
73,188830;20,000000;20,000000
73,208358;20,000000;20,000000
73,227885;20,000000;20,000000
73,247413;20,000000;20,000000
73,266940;20,000000;20,000000
73,286467;20,000000;20,000000
73,305995;20,000000;20,000000
73,325522;20,000000;20,000000
73,345050;20,000000;20,000000
73,364577;20,000000;20,000000
73,384105;20,000000;20,000000
73,403632;20,000000;20,000000
73,423160;20,000000;20,000000
73,442687;20,000000;20,000000
73,462214;20,000000;20,000000
73,481742;20,000000;20,000000
73,501269;20,000000;20,000000
73,520797;20,000000;20,000000
73,540324;20,000000;20,000000
73,559852;20,000000;20,000000
73,579379;20,000000;20,000000
73,598906;20,000000;20,000000
73,618434;20,000000;20,000000
73,637961;20,000000;20,000000
73,657489;20,000000;20,000000
73,677016;20,000000;20,000000
73,696544;20,000000;20,000000
73,716071;20,000000;20,000000
73,735599;20,000000;20,000000
73,755126;20,000000;20,000000
73,774653;20,000000;20,000000
73,794181;20,000000;20,000000
73,813708;20,000000;20,000000
73,833236;20,000000;20,000000
73,852763;20,000000;20,000000
73,872291;20,000000;20,000000
73,891818;20,000000;20,000000
73,911345;20,000000;20,000000
73,930873;20,000000;20,000000
73,950400;20,000000;20,000000
73,969928;20,000000;20,000000
73,989455;20,000000;20,000000
74,008983;20,000000;20,000000
74,028510;20,000000;20,000000
74,048037;20,000000;20,000000
74,067565;20,000000;20,000000
74,087092;20,000000;20,000000
74,106620;20,000000;20,000000
74,126147;20,000000;20,000000
74,145675;20,000000;20,000000
74,165202;20,000000;20,000000
74,184730;20,000000;20,000000
74,204257;20,000000;20,000000
74,223784;20,000000;20,000000
74,243312;20,000000;20,000000
74,262839;20,000000;20,000000
74,282367;20,000000;20,000000
74,301894;20,000000;20,000000
74,321422;20,000000;20,000000
74,340949;20,000000;20,000000
74,360476;20,000000;20,000000
74,380004;20,000000;20,000000
74,399531;20,000000;20,000000
74,419059;20,000000;20,000000
74,438586;20,000000;20,000000
74,458114;20,000000;20,000000
74,477641;20,000000;20,000000
74,497169;20,000000;20,000000
74,516696;20,000000;20,000000
74,536223;20,000000;20,000000
74,555751;20,000000;20,000000
74,575278;20,000000;20,000000
74,594806;20,000000;20,000000
74,614333;20,000000;20,000000
74,633861;20,000000;20,000000
74,653388;20,000000;20,000000
74,672915;20,000000;20,000000
74,692443;20,000000;20,000000
74,711970;20,000000;20,000000
74,731498;20,000000;20,000000
74,751025;20,000000;20,000000
74,770553;20,000000;20,000000
74,790080;20,000000;20,000000
74,809607;20,000000;20,000000
74,829135;20,000000;20,000000
74,848662;20,000000;20,000000
74,868190;20,000000;20,000000
74,887717;20,000000;20,000000
74,907245;20,000000;20,000000
74,926772;20,000000;20,000000
74,946300;20,000000;20,000000
74,965827;20,000000;20,000000
74,985354;20,000000;20,000000
75,004882;20,000000;20,000000
75,024409;20,000000;20,000000
75,043937;20,000000;20,000000
75,063464;20,000000;20,000000
75,082992;20,000000;20,000000
75,102519;20,000000;20,000000
75,122046;20,000000;20,000000
75,141574;20,000000;20,000000
75,161101;20,000000;20,000000
75,180629;20,000000;20,000000
75,200156;20,000000;20,000000
75,219684;20,000000;20,000000
75,239211;20,000000;20,000000
75,258739;20,000000;20,000000
75,278266;20,000000;20,000000
75,297793;20,000000;20,000000
75,317321;20,000000;20,000000
75,336848;20,000000;20,000000
75,356376;20,000000;20,000000
75,375903;20,000000;20,000000
75,395431;20,000000;20,000000
75,414958;20,000000;20,000000
75,434485;20,000000;20,000000
75,454013;20,000000;20,000000
75,473540;20,000000;20,000000
75,493068;20,000000;20,000000
75,512595;20,000000;20,000000
75,532123;20,000000;20,000000
75,551650;20,000000;20,000000
75,571178;20,000000;20,000000
75,590705;20,000000;20,000000
75,610232;20,000000;20,000000
75,629760;20,000000;20,000000
75,649287;20,000000;20,000000
75,668815;20,000000;20,000000
75,688342;20,000000;20,000000
75,707870;20,000000;20,000000
75,727397;20,000000;20,000000
75,746924;20,000000;20,000000
75,766452;20,000000;20,000000
75,785979;20,000000;20,000000
75,805507;20,000000;20,000000
75,825034;20,000000;20,000000
75,844562;20,000000;20,000000
75,864089;20,000000;20,000000
75,883616;20,000000;20,000000
75,903144;20,000000;20,000000
75,922671;20,000000;20,000000
75,942199;20,000000;20,000000
75,961726;20,000000;20,000000
75,981254;20,000000;20,000000
76,000781;20,000000;20,000000
76,020309;20,000000;20,000000
76,039836;20,000000;20,000000
76,059363;20,000000;20,000000
76,078891;20,000000;20,000000
76,098418;20,000000;20,000000
76,117946;20,000000;20,000000
76,137473;20,000000;20,000000
76,157001;20,000000;20,000000
76,176528;20,000000;20,000000
76,196055;20,000000;20,000000
76,215583;20,000000;20,000000
76,235110;20,000000;20,000000
76,254638;20,000000;20,000000
76,274165;20,000000;20,000000
76,293693;20,000000;20,000000
76,313220;20,000000;20,000000
76,332748;20,000000;20,000000
76,352275;20,000000;20,000000
76,371802;20,000000;20,000000
76,391330;20,000000;20,000000
76,410857;20,000000;20,000000
76,430385;20,000000;20,000000
76,449912;20,000000;20,000000
76,469440;20,000000;20,000000
76,488967;20,000000;20,000000
76,508494;20,000000;20,000000
76,528022;20,000000;20,000000
76,547549;20,000000;20,000000
76,567077;20,000000;20,000000
76,586604;20,000000;20,000000
76,606132;20,000000;20,000000
76,625659;20,000000;20,000000
76,645186;20,000000;20,000000
76,664714;20,000000;20,000000
76,684241;20,000000;20,000000
76,703769;20,000000;20,000000
76,723296;20,000000;20,000000
76,742824;20,000000;20,000000
76,762351;20,000000;20,000000
76,781879;20,000000;20,000000
76,801406;20,000000;20,000000
76,820933;20,000000;20,000000
76,840461;20,000000;20,000000
76,859988;20,000000;20,000000
76,879516;20,000000;20,000000
76,899043;20,000000;20,000000
76,918571;20,000000;20,000000
76,938098;20,000000;20,000000
76,957625;20,000000;20,000000
76,977153;20,000000;20,000000
76,996680;20,000000;20,000000
77,016208;20,000000;20,000000
77,035735;20,000000;20,000000
77,055263;20,000000;20,000000
77,074790;20,000000;20,000000
77,094318;20,000000;20,000000
77,113845;20,000000;20,000000
77,133372;20,000000;20,000000
77,152900;20,000000;20,000000
77,172427;20,000000;20,000000
77,191955;20,000000;20,000000
77,211482;20,000000;20,000000
77,231010;20,000000;20,000000
77,250537;20,000000;20,000000
77,270064;20,000000;20,000000
77,289592;20,000000;20,000000
77,309119;20,000000;20,000000
77,328647;20,000000;20,000000
77,348174;20,000000;20,000000
77,367702;20,000000;20,000000
77,387229;20,000000;20,000000
77,406756;20,000000;20,000000
77,426284;20,000000;20,000000
77,445811;20,000000;20,000000
77,465339;20,000000;20,000000
77,484866;20,000000;20,000000
77,504394;20,000000;20,000000
77,523921;20,000000;20,000000
77,543449;20,000000;20,000000
77,562976;20,000000;20,000000
77,582503;20,000000;20,000000
77,602031;20,000000;20,000000
77,621558;20,000000;20,000000
77,641086;20,000000;20,000000
77,660613;20,000000;20,000000
77,680141;20,000000;20,000000
77,699668;20,000000;20,000000
77,719195;20,000000;20,000000
77,738723;20,000000;20,000000
77,758250;20,000000;20,000000
77,777778;20,000000;20,000000
77,797305;20,000000;20,000000
77,816833;20,000000;20,000000
77,836360;20,000000;20,000000
77,855888;20,000000;20,000000
77,875415;20,000000;20,000000
77,894942;20,000000;20,000000
77,914470;20,000000;20,000000
77,933997;20,000000;20,000000
77,953525;20,000000;20,000000
77,973052;20,000000;20,000000
77,992580;20,000000;20,000000
78,012107;20,000000;20,000000
78,031634;20,000000;20,000000
78,051162;20,000000;20,000000
78,070689;20,000000;20,000000
78,090217;20,000000;20,000000
78,109744;20,000000;20,000000
78,129272;20,000000;20,000000
78,148799;20,000000;20,000000
78,168326;20,000000;20,000000
78,187854;20,000000;20,000000
78,207381;20,000000;20,000000
78,226909;20,000000;20,000000
78,246436;20,000000;20,000000
78,265964;20,000000;20,000000
78,285491;20,000000;20,000000
78,305019;20,000000;20,000000
78,324546;20,000000;20,000000
78,344073;20,000000;20,000000
78,363601;20,000000;20,000000
78,383128;20,000000;20,000000
78,402656;20,000000;20,000000
78,422183;20,000000;20,000000
78,441711;20,000000;20,000000
78,461238;20,000000;20,000000
78,480765;20,000000;20,000000
78,500293;20,000000;20,000000
78,519820;20,000000;20,000000
78,539348;20,000000;20,000000
78,558875;20,000000;20,000000
78,578403;20,000000;20,000000
78,597930;20,000000;20,000000
78,617458;20,000000;20,000000
78,636985;20,000000;20,000000
78,656512;20,000000;20,000000
78,676040;20,000000;20,000000
78,695567;20,000000;20,000000
78,715095;20,000000;20,000000
78,734622;20,000000;20,000000
78,754150;20,000000;20,000000
78,773677;20,000000;20,000000
78,793204;20,000000;20,000000
78,812732;20,000000;20,000000
78,832259;20,000000;20,000000
78,851787;20,000000;20,000000
78,871314;20,000000;20,000000
78,890842;20,000000;20,000000
78,910369;20,000000;20,000000
78,929897;20,000000;20,000000
78,949424;20,000000;20,000000
78,968951;20,000000;20,000000
78,988479;20,000000;20,000000
79,008006;20,000000;20,000000
79,027534;20,000000;20,000000
79,047061;20,000000;20,000000
79,066589;20,000000;20,000000
79,086116;20,000000;20,000000
79,105643;20,000000;20,000000
79,125171;20,000000;20,000000
79,144698;20,000000;20,000000
79,164226;20,000000;20,000000
79,183753;20,000000;20,000000
79,203281;20,000000;20,000000
79,222808;20,000000;20,000000
79,242335;20,000000;20,000000
79,261863;20,000000;20,000000
79,281390;20,000000;20,000000
79,300918;20,000000;20,000000
79,320445;20,000000;20,000000
79,339973;20,000000;20,000000
79,359500;20,000000;20,000000
79,379028;20,000000;20,000000
79,398555;20,000000;20,000000
79,418082;20,000000;20,000000
79,437610;20,000000;20,000000
79,457137;20,000000;20,000000
79,476665;20,000000;20,000000
79,496192;20,000000;20,000000
79,515720;20,000000;20,000000
79,535247;20,000000;20,000000
79,554774;20,000000;20,000000
79,574302;20,000000;20,000000
79,593829;20,000000;20,000000
79,613357;20,000000;20,000000
79,632884;20,000000;20,000000
79,652412;20,000000;20,000000
79,671939;20,000000;20,000000
79,691467;20,000000;20,000000
79,710994;20,000000;20,000000
79,730521;20,000000;20,000000
79,750049;20,000000;20,000000
79,769576;20,000000;20,000000
79,789104;20,000000;20,000000
79,808631;20,000000;20,000000
79,828159;20,000000;20,000000
79,847686;20,000000;20,000000
79,867213;20,000000;20,000000
79,886741;20,000000;20,000000
79,906268;20,000000;20,000000
79,925796;20,000000;20,000000
79,945323;20,000000;20,000000
79,964851;20,000000;20,000000
79,984378;20,000000;20,000000
80,003905;20,000000;20,000000
80,023433;20,000000;20,000000
80,042960;20,000000;20,000000
80,062488;20,000000;20,000000
80,082015;20,000000;20,000000
80,101543;20,000000;20,000000
80,121070;20,000000;20,000000
80,140598;20,000000;20,000000
80,160125;20,000000;20,000000
80,179652;20,000000;20,000000
80,199180;20,000000;20,000000
80,218707;20,000000;20,000000
80,238235;20,000000;20,000000
80,257762;20,000000;20,000000
80,277290;20,000000;20,000000
80,296817;20,000000;20,000000
80,316344;20,000000;20,000000
80,335872;20,000000;20,000000
80,355399;20,000000;20,000000
80,374927;20,000000;20,000000
80,394454;20,000000;20,000000
80,413982;20,000000;20,000000
80,433509;20,000000;20,000000
80,453037;20,000000;20,000000
80,472564;20,000000;20,000000
80,492091;20,000000;20,000000
80,511619;20,000000;20,000000
80,531146;20,000000;20,000000
80,550674;20,000000;20,000000
80,570201;20,000000;20,000000
80,589729;20,000000;20,000000
80,609256;20,000000;20,000000
80,628783;20,000000;20,000000
80,648311;20,000000;20,000000
80,667838;20,000000;20,000000
80,687366;20,000000;20,000000
80,706893;20,000000;20,000000
80,726421;20,000000;20,000000
80,745948;20,000000;20,000000
80,765475;20,000000;20,000000
80,785003;20,000000;20,000000
80,804530;20,000000;20,000000
80,824058;20,000000;20,000000
80,843585;20,000000;20,000000
80,863113;20,000000;20,000000
80,882640;20,000000;20,000000
80,902168;20,000000;20,000000
80,921695;20,000000;20,000000
80,941222;20,000000;20,000000
80,960750;20,000000;20,000000
80,980277;20,000000;20,000000
80,999805;20,000000;20,000000
81,019332;20,000000;20,000000
81,038860;20,000000;20,000000
81,058387;20,000000;20,000000
81,077914;20,000000;20,000000
81,097442;20,000000;20,000000
81,116969;20,000000;20,000000
81,136497;20,000000;20,000000
81,156024;20,000000;20,000000
81,175552;20,000000;20,000000
81,195079;20,000000;20,000000
81,214607;20,000000;20,000000
81,234134;20,000000;20,000000
81,253661;20,000000;20,000000
81,273189;20,000000;20,000000
81,292716;20,000000;20,000000
81,312244;20,000000;20,000000
81,331771;20,000000;20,000000
81,351299;20,000000;20,000000
81,370826;20,000000;20,000000
81,390353;20,000000;20,000000
81,409881;20,000000;20,000000
81,429408;20,000000;20,000000
81,448936;20,000000;20,000000
81,468463;20,000000;20,000000
81,487991;20,000000;20,000000
81,507518;20,000000;20,000000
81,527045;20,000000;20,000000
81,546573;20,000000;20,000000
81,566100;20,000000;20,000000
81,585628;20,000000;20,000000
81,605155;20,000000;20,000000
81,624683;20,000000;20,000000
81,644210;20,000000;20,000000
81,663738;20,000000;20,000000
81,683265;20,000000;20,000000
81,702792;20,000000;20,000000
81,722320;20,000000;20,000000
81,741847;20,000000;20,000000
81,761375;20,000000;20,000000
81,780902;20,000000;20,000000
81,800430;20,000000;20,000000
81,819957;20,000000;20,000000
81,839484;20,000000;20,000000
81,859012;20,000000;20,000000
81,878539;20,000000;20,000000
81,898067;20,000000;20,000000
81,917594;20,000000;20,000000
81,937122;20,000000;20,000000
81,956649;20,000000;20,000000
81,976177;20,000000;20,000000
81,995704;20,000000;20,000000
82,015231;20,000000;20,000000
82,034759;20,000000;20,000000
82,054286;20,000000;20,000000
82,073814;20,000000;20,000000
82,093341;20,000000;20,000000
82,112869;20,000000;20,000000
82,132396;20,000000;20,000000
82,151923;20,000000;20,000000
82,171451;20,000000;20,000000
82,190978;20,000000;20,000000
82,210506;20,000000;20,000000
82,230033;20,000000;20,000000
82,249561;20,000000;20,000000
82,269088;20,000000;20,000000
82,288616;20,000000;20,000000
82,308143;20,000000;20,000000
82,327670;20,000000;20,000000
82,347198;20,000000;20,000000
82,366725;20,000000;20,000000
82,386253;20,000000;20,000000
82,405780;20,000000;20,000000
82,425308;20,000000;20,000000
82,444835;20,000000;20,000000
82,464362;20,000000;20,000000
82,483890;20,000000;20,000000
82,503417;20,000000;20,000000
82,522945;20,000000;20,000000
82,542472;20,000000;20,000000
82,562000;20,000000;20,000000
82,581527;20,000000;20,000000
82,601054;20,000000;20,000000
82,620582;20,000000;20,000000
82,640109;20,000000;20,000000
82,659637;20,000000;20,000000
82,679164;20,000000;20,000000
82,698692;20,000000;20,000000
82,718219;20,000000;20,000000
82,737747;20,000000;20,000000
82,757274;20,000000;20,000000
82,776801;20,000000;20,000000
82,796329;20,000000;20,000000
82,815856;20,000000;20,000000
82,835384;20,000000;20,000000
82,854911;20,000000;20,000000
82,874439;20,000000;20,000000
82,893966;20,000000;20,000000
82,913493;20,000000;20,000000
82,933021;20,000000;20,000000
82,952548;20,000000;20,000000
82,972076;20,000000;20,000000
82,991603;20,000000;20,000000
83,011131;20,000000;20,000000
83,030658;20,000000;20,000000
83,050186;20,000000;20,000000
83,069713;20,000000;20,000000
83,089240;20,000000;20,000000
83,108768;20,000000;20,000000
83,128295;20,000000;20,000000
83,147823;20,000000;20,000000
83,167350;20,000000;20,000000
83,186878;20,000000;20,000000
83,206405;20,000000;20,000000
83,225932;20,000000;20,000000
83,245460;20,000000;20,000000
83,264987;20,000000;20,000000
83,284515;20,000000;20,000000
83,304042;20,000000;20,000000
83,323570;20,000000;20,000000
83,343097;20,000000;20,000000
83,362624;20,000000;20,000000
83,382152;20,000000;20,000000
83,401679;20,000000;20,000000
83,421207;20,000000;20,000000
83,440734;20,000000;20,000000
83,460262;20,000000;20,000000
83,479789;20,000000;20,000000
83,499317;20,000000;20,000000
83,518844;20,000000;20,000000
83,538371;20,000000;20,000000
83,557899;20,000000;20,000000
83,577426;20,000000;20,000000
83,596954;20,000000;20,000000
83,616481;20,000000;20,000000
83,636009;20,000000;20,000000
83,655536;20,000000;20,000000
83,675063;20,000000;20,000000
83,694591;20,000000;20,000000
83,714118;20,000000;20,000000
83,733646;20,000000;20,000000
83,753173;20,000000;20,000000
83,772701;20,000000;20,000000
83,792228;20,000000;20,000000
83,811756;20,000000;20,000000
83,831283;20,000000;20,000000
83,850810;20,000000;20,000000
83,870338;20,000000;20,000000
83,889865;20,000000;20,000000
83,909393;20,000000;20,000000
83,928920;20,000000;20,000000
83,948448;20,000000;20,000000
83,967975;20,000000;20,000000
83,987502;20,000000;20,000000
84,007030;20,000000;20,000000
84,026557;20,000000;20,000000
84,046085;20,000000;20,000000
84,065612;20,000000;20,000000
84,085140;20,000000;20,000000
84,104667;20,000000;20,000000
84,124194;20,000000;20,000000
84,143722;20,000000;20,000000
84,163249;20,000000;20,000000
84,182777;20,000000;20,000000
84,202304;20,000000;20,000000
84,221832;20,000000;20,000000
84,241359;20,000000;20,000000
84,260887;20,000000;20,000000
84,280414;20,000000;20,000000
84,299941;20,000000;20,000000
84,319469;20,000000;20,000000
84,338996;20,000000;20,000000
84,358524;20,000000;20,000000
84,378051;20,000000;20,000000
84,397579;20,000000;20,000000
84,417106;20,000000;20,000000
84,436633;20,000000;20,000000
84,456161;20,000000;20,000000
84,475688;20,000000;20,000000
84,495216;20,000000;20,000000
84,514743;20,000000;20,000000
84,534271;20,000000;20,000000
84,553798;20,000000;20,000000
84,573326;20,000000;20,000000
84,592853;20,000000;20,000000
84,612380;20,000000;20,000000
84,631908;20,000000;20,000000
84,651435;20,000000;20,000000
84,670963;20,000000;20,000000
84,690490;20,000000;20,000000
84,710018;20,000000;20,000000
84,729545;20,000000;20,000000
84,749072;20,000000;20,000000
84,768600;20,000000;20,000000
84,788127;20,000000;20,000000
84,807655;20,000000;20,000000
84,827182;20,000000;20,000000
84,846710;20,000000;20,000000
84,866237;20,000000;20,000000
84,885764;20,000000;20,000000
84,905292;20,000000;20,000000
84,924819;20,000000;20,000000
84,944347;20,000000;20,000000
84,963874;20,000000;20,000000
84,983402;20,000000;20,000000
85,002929;20,000000;20,000000
85,022457;20,000000;20,000000
85,041984;20,000000;20,000000
85,061511;20,000000;20,000000
85,081039;20,000000;20,000000
85,100566;20,000000;20,000000
85,120094;20,000000;20,000000
85,139621;20,000000;20,000000
85,159149;20,000000;20,000000
85,178676;20,000000;20,000000
85,198203;20,000000;20,000000
85,217731;20,000000;20,000000
85,237258;20,000000;20,000000
85,256786;20,000000;20,000000
85,276313;20,000000;20,000000
85,295841;20,000000;20,000000
85,315368;20,000000;20,000000
85,334896;20,000000;20,000000
85,354423;20,000000;20,000000
85,373950;20,000000;20,000000
85,393478;20,000000;20,000000
85,413005;20,000000;20,000000
85,432533;20,000000;20,000000
85,452060;20,000000;20,000000
85,471588;20,000000;20,000000
85,491115;20,000000;20,000000
85,510642;20,000000;20,000000
85,530170;20,000000;20,000000
85,549697;20,000000;20,000000
85,569225;20,000000;20,000000
85,588752;20,000000;20,000000
85,608280;20,000000;20,000000
85,627807;20,000000;20,000000
85,647335;20,000000;20,000000
85,666862;20,000000;20,000000
85,686389;20,000000;20,000000
85,705917;20,000000;20,000000
85,725444;20,000000;20,000000
85,744972;20,000000;20,000000
85,764499;20,000000;20,000000
85,784027;20,000000;20,000000
85,803554;20,000000;20,000000
85,823081;20,000000;20,000000
85,842609;20,000000;20,000000
85,862136;20,000000;20,000000
85,881664;20,000000;20,000000
85,901191;20,000000;20,000000
85,920719;20,000000;20,000000
85,940246;20,000000;20,000000
85,959773;20,000000;20,000000
85,979301;20,000000;20,000000
85,998828;20,000000;20,000000
86,018356;20,000000;20,000000
86,037883;20,000000;20,000000
86,057411;20,000000;20,000000
86,076938;20,000000;20,000000
86,096466;20,000000;20,000000
86,115993;20,000000;20,000000
86,135520;20,000000;20,000000
86,155048;20,000000;20,000000
86,174575;20,000000;20,000000
86,194103;20,000000;20,000000
86,213630;20,000000;20,000000
86,233158;20,000000;20,000000
86,252685;20,000000;20,000000
86,272212;20,000000;20,000000
86,291740;20,000000;20,000000
86,311267;20,000000;20,000000
86,330795;20,000000;20,000000
86,350322;20,000000;20,000000
86,369850;20,000000;20,000000
86,389377;20,000000;20,000000
86,408905;20,000000;20,000000
86,428432;20,000000;20,000000
86,447959;20,000000;20,000000
86,467487;20,000000;20,000000
86,487014;20,000000;20,000000
86,506542;20,000000;20,000000
86,526069;20,000000;20,000000
86,545597;20,000000;20,000000
86,565124;20,000000;20,000000
86,584651;20,000000;20,000000
86,604179;20,000000;20,000000
86,623706;20,000000;20,000000
86,643234;20,000000;20,000000
86,662761;20,000000;20,000000
86,682289;20,000000;20,000000
86,701816;20,000000;20,000000
86,721343;20,000000;20,000000
86,740871;20,000000;20,000000
86,760398;20,000000;20,000000
86,779926;20,000000;20,000000
86,799453;20,000000;20,000000
86,818981;20,000000;20,000000
86,838508;20,000000;20,000000
86,858036;20,000000;20,000000
86,877563;20,000000;20,000000
86,897090;20,000000;20,000000
86,916618;20,000000;20,000000
86,936145;20,000000;20,000000
86,955673;20,000000;20,000000
86,975200;20,000000;20,000000
86,994728;20,000000;20,000000
87,014255;20,000000;20,000000
87,033782;20,000000;20,000000
87,053310;20,000000;20,000000
87,072837;20,000000;20,000000
87,092365;20,000000;20,000000
87,111892;20,000000;20,000000
87,131420;20,000000;20,000000
87,150947;20,000000;20,000000
87,170475;20,000000;20,000000
87,190002;20,000000;20,000000
87,209529;20,000000;20,000000
87,229057;20,000000;20,000000
87,248584;20,000000;20,000000
87,268112;20,000000;20,000000
87,287639;20,000000;20,000000
87,307167;20,000000;20,000000
87,326694;20,000000;20,000000
87,346221;20,000000;20,000000
87,365749;20,000000;20,000000
87,385276;20,000000;20,000000
87,404804;20,000000;20,000000
87,424331;20,000000;20,000000
87,443859;20,000000;20,000000
87,463386;20,000000;20,000000
87,482913;20,000000;20,000000
87,502441;20,000000;20,000000
87,521968;20,000000;20,000000
87,541496;20,000000;20,000000
87,561023;20,000000;20,000000
87,580551;20,000000;20,000000
87,600078;20,000000;20,000000
87,619606;20,000000;20,000000
87,639133;20,000000;20,000000
87,658660;20,000000;20,000000
87,678188;20,000000;20,000000
87,697715;20,000000;20,000000
87,717243;20,000000;20,000000
87,736770;20,000000;20,000000
87,756298;20,000000;20,000000
87,775825;20,000000;20,000000
87,795352;20,000000;20,000000
87,814880;20,000000;20,000000
87,834407;20,000000;20,000000
87,853935;20,000000;20,000000
87,873462;20,000000;20,000000
87,892990;20,000000;20,000000
87,912517;20,000000;20,000000
87,932045;20,000000;20,000000
87,951572;20,000000;20,000000
87,971099;20,000000;20,000000
87,990627;20,000000;20,000000
88,010154;20,000000;20,000000
88,029682;20,000000;20,000000
88,049209;20,000000;20,000000
88,068737;20,000000;20,000000
88,088264;20,000000;20,000000
88,107791;20,000000;20,000000
88,127319;20,000000;20,000000
88,146846;20,000000;20,000000
88,166374;20,000000;20,000000
88,185901;20,000000;20,000000
88,205429;20,000000;20,000000
88,224956;20,000000;20,000000
88,244483;20,000000;20,000000
88,264011;20,000000;20,000000
88,283538;20,000000;20,000000
88,303066;20,000000;20,000000
88,322593;20,000000;20,000000
88,342121;20,000000;20,000000
88,361648;20,000000;20,000000
88,381176;20,000000;20,000000
88,400703;20,000000;20,000000
88,420230;20,000000;20,000000
88,439758;20,000000;20,000000
88,459285;20,000000;20,000000
88,478813;20,000000;20,000000
88,498340;20,000000;20,000000
88,517868;20,000000;20,000000
88,537395;20,000000;20,000000
88,556922;20,000000;20,000000
88,576450;20,000000;20,000000
88,595977;20,000000;20,000000
88,615505;20,000000;20,000000
88,635032;20,000000;20,000000
88,654560;20,000000;20,000000
88,674087;20,000000;20,000000
88,693615;20,000000;20,000000
88,713142;20,000000;20,000000
88,732669;20,000000;20,000000
88,752197;20,000000;20,000000
88,771724;20,000000;20,000000
88,791252;20,000000;20,000000
88,810779;20,000000;20,000000
88,830307;20,000000;20,000000
88,849834;20,000000;20,000000
88,869361;20,000000;20,000000
88,888889;20,000000;20,000000
88,908416;20,000000;20,000000
88,927944;20,000000;20,000000
88,947471;20,000000;20,000000
88,966999;20,000000;20,000000
88,986526;20,000000;20,000000
89,006054;20,000000;20,000000
89,025581;20,000000;20,000000
89,045108;20,000000;20,000000
89,064636;20,000000;20,000000
89,084163;20,000000;20,000000
89,103691;20,000000;20,000000
89,123218;20,000000;20,000000
89,142746;20,000000;20,000000
89,162273;20,000000;20,000000
89,181800;20,000000;20,000000
89,201328;20,000000;20,000000
89,220855;20,000000;20,000000
89,240383;20,000000;20,000000
89,259910;20,000000;20,000000
89,279438;20,000000;20,000000
89,298965;20,000000;20,000000
89,318492;20,000000;20,000000
89,338020;20,000000;20,000000
89,357547;20,000000;20,000000
89,377075;20,000000;20,000000
89,396602;20,000000;20,000000
89,416130;20,000000;20,000000
89,435657;20,000000;20,000000
89,455185;20,000000;20,000000
89,474712;20,000000;20,000000
89,494239;20,000000;20,000000
89,513767;20,000000;20,000000
89,533294;20,000000;20,000000
89,552822;20,000000;20,000000
89,572349;20,000000;20,000000
89,591877;20,000000;20,000000
89,611404;20,000000;20,000000
89,630931;20,000000;20,000000
89,650459;20,000000;20,000000
89,669986;20,000000;20,000000
89,689514;20,000000;20,000000
89,709041;20,000000;20,000000
89,728569;20,000000;20,000000
89,748096;20,000000;20,000000
89,767624;20,000000;20,000000
89,787151;20,000000;20,000000
89,806678;20,000000;20,000000
89,826206;20,000000;20,000000
89,845733;20,000000;20,000000
89,865261;20,000000;20,000000
89,884788;20,000000;20,000000
89,904316;20,000000;20,000000
89,923843;20,000000;20,000000
89,943370;20,000000;20,000000
89,962898;20,000000;20,000000
89,982425;20,000000;20,000000
90,001953;20,000000;20,000000
90,021480;20,000000;20,000000
90,041008;20,000000;20,000000
90,060535;20,000000;20,000000
90,080062;20,000000;20,000000
90,099590;20,000000;20,000000
90,119117;20,000000;20,000000
90,138645;20,000000;20,000000
90,158172;20,000000;20,000000
90,177700;20,000000;20,000000
90,197227;20,000000;20,000000
90,216755;20,000000;20,000000
90,236282;20,000000;20,000000
90,255809;20,000000;20,000000
90,275337;20,000000;20,000000
90,294864;20,000000;20,000000
90,314392;20,000000;20,000000
90,333919;20,000000;20,000000
90,353447;20,000000;20,000000
90,372974;20,000000;20,000000
90,392501;20,000000;20,000000
90,412029;20,000000;20,000000
90,431556;20,000000;20,000000
90,451084;20,000000;20,000000
90,470611;20,000000;20,000000
90,490139;20,000000;20,000000
90,509666;20,000000;20,000000
90,529194;20,000000;20,000000
90,548721;20,000000;20,000000
90,568248;20,000000;20,000000
90,587776;20,000000;20,000000
90,607303;20,000000;20,000000
90,626831;20,000000;20,000000
90,646358;20,000000;20,000000
90,665886;20,000000;20,000000
90,685413;20,000000;20,000000
90,704940;20,000000;20,000000
90,724468;20,000000;20,000000
90,743995;20,000000;20,000000
90,763523;20,000000;20,000000
90,783050;20,000000;20,000000
90,802578;20,000000;20,000000
90,822105;20,000000;20,000000
90,841632;20,000000;20,000000
90,861160;20,000000;20,000000
90,880687;20,000000;20,000000
90,900215;20,000000;20,000000
90,919742;20,000000;20,000000
90,939270;20,000000;20,000000
90,958797;20,000000;20,000000
90,978325;20,000000;20,000000
90,997852;20,000000;20,000000
91,017379;20,000000;20,000000
91,036907;20,000000;20,000000
91,056434;20,000000;20,000000
91,075962;20,000000;20,000000
91,095489;20,000000;20,000000
91,115017;20,000000;20,000000
91,134544;20,000000;20,000000
91,154071;20,000000;20,000000
91,173599;20,000000;20,000000
91,193126;20,000000;20,000000
91,212654;20,000000;20,000000
91,232181;20,000000;20,000000
91,251709;20,000000;20,000000
91,271236;20,000000;20,000000
91,290764;20,000000;20,000000
91,310291;20,000000;20,000000
91,329818;20,000000;20,000000
91,349346;20,000000;20,000000
91,368873;20,000000;20,000000
91,388401;20,000000;20,000000
91,407928;20,000000;20,000000
91,427456;20,000000;20,000000
91,446983;20,000000;20,000000
91,466510;20,000000;20,000000
91,486038;20,000000;20,000000
91,505565;20,000000;20,000000
91,525093;20,000000;20,000000
91,544620;20,000000;20,000000
91,564148;20,000000;20,000000
91,583675;20,000000;20,000000
91,603202;20,000000;20,000000
91,622730;20,000000;20,000000
91,642257;20,000000;20,000000
91,661785;20,000000;20,000000
91,681312;20,000000;20,000000
91,700840;20,000000;20,000000
91,720367;20,000000;20,000000
91,739895;20,000000;20,000000
91,759422;20,000000;20,000000
91,778949;20,000000;20,000000
91,798477;20,000000;20,000000
91,818004;20,000000;20,000000
91,837532;20,000000;20,000000
91,857059;20,000000;20,000000
91,876587;20,000000;20,000000
91,896114;20,000000;20,000000
91,915641;20,000000;20,000000
91,935169;20,000000;20,000000
91,954696;20,000000;20,000000
91,974224;20,000000;20,000000
91,993751;20,000000;20,000000
92,013279;20,000000;20,000000
92,032806;20,000000;20,000000
92,052334;20,000000;20,000000
92,071861;20,000000;20,000000
92,091388;20,000000;20,000000
92,110916;20,000000;20,000000
92,130443;20,000000;20,000000
92,149971;20,000000;20,000000
92,169498;20,000000;20,000000
92,189026;20,000000;20,000000
92,208553;20,000000;20,000000
92,228080;20,000000;20,000000
92,247608;20,000000;20,000000
92,267135;20,000000;20,000000
92,286663;20,000000;20,000000
92,306190;20,000000;20,000000
92,325718;20,000000;20,000000
92,345245;20,000000;20,000000
92,364773;20,000000;20,000000
92,384300;20,000000;20,000000
92,403827;20,000000;20,000000
92,423355;20,000000;20,000000
92,442882;20,000000;20,000000
92,462410;20,000000;20,000000
92,481937;20,000000;20,000000
92,501465;20,000000;20,000000
92,520992;20,000000;20,000000
92,540519;20,000000;20,000000
92,560047;20,000000;20,000000
92,579574;20,000000;20,000000
92,599102;20,000000;20,000000
92,618629;20,000000;20,000000
92,638157;20,000000;20,000000
92,657684;20,000000;20,000000
92,677211;20,000000;20,000000
92,696739;20,000000;20,000000
92,716266;20,000000;20,000000
92,735794;20,000000;20,000000
92,755321;20,000000;20,000000
92,774849;20,000000;20,000000
92,794376;20,000000;20,000000
92,813904;20,000000;20,000000
92,833431;20,000000;20,000000
92,852958;20,000000;20,000000
92,872486;20,000000;20,000000
92,892013;20,000000;20,000000
92,911541;20,000000;20,000000
92,931068;20,000000;20,000000
92,950596;20,000000;20,000000
92,970123;20,000000;20,000000
92,989650;20,000000;20,000000
93,009178;20,000000;20,000000
93,028705;20,000000;20,000000
93,048233;20,000000;20,000000
93,067760;20,000000;20,000000
93,087288;20,000000;20,000000
93,106815;20,000000;20,000000
93,126343;20,000000;20,000000
93,145870;20,000000;20,000000
93,165397;20,000000;20,000000
93,184925;20,000000;20,000000
93,204452;20,000000;20,000000
93,223980;20,000000;20,000000
93,243507;20,000000;20,000000
93,263035;20,000000;20,000000
93,282562;20,000000;20,000000
93,302089;20,000000;20,000000
93,321617;20,000000;20,000000
93,341144;20,000000;20,000000
93,360672;20,000000;20,000000
93,380199;20,000000;20,000000
93,399727;20,000000;20,000000
93,419254;20,000000;20,000000
93,438781;20,000000;20,000000
93,458309;20,000000;20,000000
93,477836;20,000000;20,000000
93,497364;20,000000;20,000000
93,516891;20,000000;20,000000
93,536419;20,000000;20,000000
93,555946;20,000000;20,000000
93,575474;20,000000;20,000000
93,595001;20,000000;20,000000
93,614528;20,000000;20,000000
93,634056;20,000000;20,000000
93,653583;20,000000;20,000000
93,673111;20,000000;20,000000
93,692638;20,000000;20,000000
93,712166;20,000000;20,000000
93,731693;20,000000;20,000000
93,751220;20,000000;20,000000
93,770748;20,000000;20,000000
93,790275;20,000000;20,000000
93,809803;20,000000;20,000000
93,829330;20,000000;20,000000
93,848858;20,000000;20,000000
93,868385;20,000000;20,000000
93,887913;20,000000;20,000000
93,907440;20,000000;20,000000
93,926967;20,000000;20,000000
93,946495;20,000000;20,000000
93,966022;20,000000;20,000000
93,985550;20,000000;20,000000
94,005077;20,000000;20,000000
94,024605;20,000000;20,000000
94,044132;20,000000;20,000000
94,063659;20,000000;20,000000
94,083187;20,000000;20,000000
94,102714;20,000000;20,000001
94,122242;20,000001;20,000001
94,141769;20,000001;20,000001
94,161297;20,000001;20,000001
94,180824;20,000001;20,000001
94,200351;20,000001;20,000001
94,219879;20,000001;20,000001
94,239406;20,000001;20,000001
94,258934;20,000001;20,000001
94,278461;20,000001;20,000001
94,297989;20,000001;20,000001
94,317516;20,000001;20,000002
94,337044;20,000002;20,000002
94,356571;20,000002;20,000002
94,376098;20,000002;20,000002
94,395626;20,000002;20,000002
94,415153;20,000002;20,000003
94,434681;20,000003;20,000003
94,454208;20,000003;20,000003
94,473736;20,000003;20,000004
94,493263;20,000004;20,000004
94,512790;20,000004;20,000004
94,532318;20,000004;20,000005
94,551845;20,000005;20,000005
94,571373;20,000005;20,000006
94,590900;20,000006;20,000007
94,610428;20,000007;20,000007
94,629955;20,000007;20,000008
94,649483;20,000008;20,000009
94,669010;20,000009;20,000010
94,688537;20,000010;20,000011
94,708065;20,000011;20,000012
94,727592;20,000012;20,000013
94,747120;20,000013;20,000014
94,766647;20,000015;20,000016
94,786175;20,000016;20,000018
94,805702;20,000018;20,000019
94,825229;20,000019;20,000021
94,844757;20,000021;20,000023
94,864284;20,000024;20,000026
94,883812;20,000026;20,000028
94,903339;20,000028;20,000031
94,922867;20,000031;20,000034
94,942394;20,000034;20,000037
94,961921;20,000038;20,000041
94,981449;20,000041;20,000045
95,000976;20,000045;20,000049
95,020504;20,000050;20,000054
95,040031;20,000055;20,000059
95,059559;20,000060;20,000065
95,079086;20,000066;20,000071
95,098614;20,000072;20,000077
95,118141;20,000079;20,000085
95,137668;20,000086;20,000093
95,157196;20,000094;20,000101
95,176723;20,000103;20,000111
95,196251;20,000113;20,000121
95,215778;20,000123;20,000132
95,235306;20,000135;20,000145
95,254833;20,000147;20,000158
95,274360;20,000161;20,000172
95,293888;20,000176;20,000188
95,313415;20,000192;20,000205
95,332943;20,000209;20,000224
95,352470;20,000229;20,000244
95,371998;20,000249;20,000266
95,391525;20,000272;20,000290
95,411053;20,000296;20,000315
95,430580;20,000323;20,000344
95,450107;20,000352;20,000374
95,469635;20,000383;20,000407
95,489162;20,000417;20,000443
95,508690;20,000453;20,000482
95,528217;20,000493;20,000524
95,547745;20,000537;20,000569
95,567272;20,000583;20,000618
95,586799;20,000634;20,000672
95,606327;20,000689;20,000730
95,625854;20,000748;20,000792
95,645382;20,000812;20,000860
95,664909;20,000882;20,000933
95,684437;20,000957;20,001011
95,703964;20,001038;20,001097
95,723492;20,001126;20,001189
95,743019;20,001221;20,001288
95,762546;20,001323;20,001395
95,782074;20,001434;20,001511
95,801601;20,001553;20,001636
95,821129;20,001682;20,001771
95,840656;20,001820;20,001916
95,860184;20,001970;20,002072
95,879711;20,002131;20,002241
95,899238;20,002305;20,002422
95,918766;20,002492;20,002618
95,938293;20,002693;20,002828
95,957821;20,002910;20,003054
95,977348;20,003143;20,003297
95,996876;20,003394;20,003559
96,016403;20,003664;20,003840
96,035930;20,003954;20,004142
96,055458;20,004265;20,004467
96,074985;20,004600;20,004815
96,094513;20,004960;20,005190
96,114040;20,005346;20,005591
96,133568;20,005760;20,006022
96,153095;20,006205;20,006484
96,172623;20,006681;20,006979
96,192150;20,007193;20,007510
96,211677;20,007741;20,008079
96,231205;20,008328;20,008688
96,250732;20,008957;20,009341
96,270260;20,009630;20,010039
96,289787;20,010351;20,010786
96,309315;20,011123;20,011586
96,328842;20,011948;20,012441
96,348369;20,012831;20,013355
96,367897;20,013774;20,014332
96,387424;20,014783;20,015376
96,406952;20,015861;20,016491
96,426479;20,017012;20,017681
96,446007;20,018241;20,018952
96,465534;20,019553;20,020308
96,485062;20,020953;20,021754
96,504589;20,022446;20,023297
96,524116;20,024039;20,024941
96,543644;20,025737;20,026693
96,563171;20,027546;20,028561
96,582699;20,029474;20,030549
96,602226;20,031527;20,032666
96,621754;20,033713;20,034920
96,641281;20,036040;20,037317
96,660808;20,038515;20,039868
96,680336;20,041148;20,042580
96,699863;20,043949;20,045463
96,719391;20,046925;20,048527
96,738918;20,050088;20,051783
96,758446;20,053448;20,055240
96,777973;20,057017;20,058910
96,797500;20,060806;20,062806
96,817028;20,064827;20,066939
96,836555;20,069093;20,071324
96,856083;20,073619;20,075973
96,875610;20,078417;20,080902
96,895138;20,083503;20,086124
96,914665;20,088892;20,091657
96,934193;20,094601;20,097516
96,953720;20,100647;20,103720
96,973247;20,107048;20,110286
96,992775;20,113821;20,117233
97,012302;20,120988;20,124581
97,031830;20,128568;20,132350
97,051357;20,136582;20,140563
97,070885;20,145053;20,149242
97,090412;20,154004;20,158411
97,109939;20,163459;20,168093
97,129467;20,173443;20,178316
97,148994;20,183983;20,189105
97,168522;20,195107;20,200488
97,188049;20,206842;20,212495
97,207577;20,219218;20,225155
97,227104;20,232268;20,238500
97,246632;20,246022;20,252563
97,266159;20,260514;20,267377
97,285686;20,275779;20,282978
97,305214;20,291854;20,299403
97,324741;20,308776;20,316690
97,344269;20,326584;20,334878
97,363796;20,345318;20,354009
97,383324;20,365022;20,374125
97,402851;20,385737;20,395270
97,422378;20,407511;20,417490
97,441906;20,430389;20,440832
97,461433;20,454420;20,465346
97,480961;20,479654;20,491083
97,500488;20,506144;20,518095
97,520016;20,533943;20,546436
97,539543;20,563106;20,576163
97,559070;20,593693;20,607334
97,578598;20,625761;20,640009
97,598125;20,659372;20,674250
97,617653;20,694590;20,710121
97,637180;20,731481;20,747688
97,656708;20,770110;20,787020
97,676235;20,810549;20,828186
97,695763;20,852869;20,871259
97,715290;20,897144;20,916314
97,734817;20,943449;20,963427
97,754345;20,991863;21,012677
97,773872;21,042467;21,064145
97,793400;21,095343;21,117915
97,812927;21,150577;21,174073
97,832455;21,208256;21,232707
97,851982;21,268469;21,293907
97,871509;21,331309;21,357766
97,891037;21,396870;21,424380
97,910564;21,465250;21,493846
97,930092;21,536548;21,566264
97,949619;21,610865;21,641737
97,969147;21,688307;21,720370
97,988674;21,768979;21,802271
98,008202;21,852991;21,887549
98,027729;21,940455;21,976317
98,047256;22,031486;22,068689
98,066784;22,126199;22,164784
98,086311;22,224714;22,264721
98,105839;22,327152;22,368622
98,125366;22,433638;22,476612
98,144894;22,544299;22,588818
98,164421;22,659263;22,705370
98,183948;22,778661;22,826400
98,203476;22,902628;22,952042
98,223003;23,031299;23,082433
98,242531;23,164813;23,217713
98,262058;23,303312;23,358021
98,281586;23,446937;23,503502
98,301113;23,595834;23,654302
98,320640;23,750150;23,810569
98,340168;23,910036;23,972452
98,359695;24,075642;24,140103
98,379223;24,247122;24,313677
98,398750;24,424632;24,493329
98,418278;24,608330;24,679218
98,437805;24,798375;24,871503
98,457333;24,994927;25,070345
98,476860;25,198149;25,275907
98,496387;25,408206;25,488354
98,515915;25,625264;25,707852
98,535442;25,849490;25,934567
98,554970;26,081052;26,168670
98,574497;26,320120;26,410329
98,594025;26,566865;26,659715
98,613552;26,821459;26,917001
98,633079;27,084075;27,182359
98,652607;27,354886;27,455963
98,672134;27,634067;27,737986
98,691662;27,921793;28,028603
98,711189;28,218238;28,327989
98,730717;28,523578;28,636320
98,750244;28,837989;28,953771
98,769772;29,161648;29,280517
98,789299;29,494728;29,616733
98,808826;29,837406;29,962594
98,828354;30,189857;30,318275
98,847881;30,552256;30,683949
98,867409;30,924775;31,059789
98,886936;31,307588;31,445967
98,906464;31,700866;31,842655
98,925991;32,104781;32,250022
98,945518;32,519502;32,668237
98,965046;32,945196;33,097466
98,984573;33,382030;33,537875
99,004101;33,830168;33,989626
99,023628;34,289772;34,452882
99,043156;34,761003;34,927800
99,062683;35,244019;35,414538
99,082211;35,738974;35,913249
99,101738;36,246021;36,424084
99,121265;36,765311;36,947193
99,140793;37,296990;37,482720
99,160320;37,841202;38,030807
99,179848;38,398086;38,591592
99,199375;38,967779;39,165211
99,218903;39,550416;39,751795
99,238430;40,146123;40,351471
99,257957;40,755027;40,964361
99,277485;41,377248;41,590586
99,297012;42,012903;42,230259
99,316540;42,662103;42,883489
99,336067;43,324956;43,550384
99,355595;44,001564;44,231041
99,375122;44,692025;44,925557
99,394649;45,396430;45,634021
99,414177;46,114866;46,356518
99,433704;46,847415;47,093127
99,453232;47,594152;47,843921
99,472759;48,355148;48,608968
99,492287;49,130466;49,388330
99,511814;49,920166;50,182062
99,531342;50,724299;50,990214
99,550869;51,542911;51,812830
99,570396;52,376042;52,649947
99,589924;53,223724;53,501594
99,609451;54,085985;54,367797
99,628979;54,962845;55,248572
99,648506;55,854317;56,143930
99,668034;56,760407;57,053875
99,687561;57,681115;57,978404
99,707088;58,616434;58,917507
99,726616;59,566349;59,871168
99,746143;60,530841;60,839361
99,765671;61,509879;61,822056
99,785198;62,503428;62,819216
99,804726;63,511447;63,830793
99,824253;64,533884;64,856737
99,843781;65,570684;65,896987
99,863308;66,621782;66,951477
99,882835;67,687106;68,020132
99,902363;68,766578;69,102872
99,921890;69,860112;70,199607
99,941418;70,967615;71,310243
99,960945;72,088988;72,434676
99,980473;73,224122;73,572797
100,000000;74,378451;74,724490
